"","x"
"sp|Q14204|DYHC1_HUMAN",0.969008440439043
"sp|Q13813-2|SPTN1_HUMAN",0.969008440439043
"sp|Q01082|SPTB2_HUMAN",0.969008440439043
"sp|Q00610|CLH1_HUMAN",0.969008440439043
"sp|Q71U36|TBA1A_HUMAN",0.9722128511342
"sp|Q9Y4G6|TLN2_HUMAN",0.969008440439043
"sp|P13637|AT1A3_HUMAN",0.969008440439043
"sp|Q05193-2|DYN1_HUMAN",0.969008440439043
"sp|Q9Y490|TLN1_HUMAN",0.969008440439043
"sp|Q01484|ANK2_HUMAN",0.969008440439043
"sp|P07900|HS90A_HUMAN",0.970311829140686
"sp|P21333|FLNA_HUMAN",0.969008440439043
"sp|P11137|MTAP2_HUMAN",0.969008440439043
"sp|P13639|EF2_HUMAN",0.969008440439043
"sp|P63010|AP2B1_HUMAN",0.978091179895567
"sp|Q86VP6|CAND1_HUMAN",0.969008440439043
"sp|P55072|TERA_HUMAN",0.969008440439043
"sp|Q9NQ66|PLCB1_HUMAN",0.996249051539535
"sp|P61764|STXB1_HUMAN",0.969008440439043
"sp|P46821|MAP1B_HUMAN",0.969008440439043
"sp|O95782|AP2A1_HUMAN",0.969008440439043
"sp|Q07954|LRP1_HUMAN",0.969008440439043
"sp|P35580-4|MYH10_HUMAN",0.969008440439043
"sp|P14618-2|KPYM_HUMAN",0.99267250159162
"sp|Q01814|AT2B2_HUMAN",0.969008440439043
"sp|P11142|HSP7C_HUMAN",0.969008440439043
"sp|P46459|NSF_HUMAN",0.969008440439043
"sp|Q16555|DPYL2_HUMAN",0.97946056117681
"sp|Q9ULU8|CAPS1_HUMAN",0.969008440439043
"sp|Q9H4G0|E41L1_HUMAN",0.969008440439043
"sp|P16615|AT2A2_HUMAN",0.969008440439043
"sp|O00429-6|DNM1L_HUMAN",0.976807850252227
"sp|P38606|VATA_HUMAN",0.969008440439043
"sp|Q96F07-2|CYFP2_HUMAN",0.97946056117681
"sp|P55786|PSA_HUMAN",0.969008440439043
"sp|P14625|ENPL_HUMAN",0.969008440439043
"sp|P30153|2AAA_HUMAN",0.969008440439043
"sp|P10809|CH60_HUMAN",0.969008440439043
"sp|P53396|ACLY_HUMAN",0.969008440439043
"sp|O43426|SYNJ1_HUMAN",0.969008440439043
"sp|P34932|HSP74_HUMAN",0.969008440439043
"sp|Q9Y2A7|NCKP1_HUMAN",0.984675989238162
"sp|P17600|SYN1_HUMAN",0.969008440439043
"sp|P04075-2|ALDOA_HUMAN",0.969008440439043
"sp|Q14203-6|DCTN1_HUMAN",0.969008440439043
"sp|P22314|UBA1_HUMAN",0.969008440439043
"sp|P00367|DHE3_HUMAN",0.969008440439043
"sp|Q9BPU6|DPYL5_HUMAN",0.980569515583522
"sp|Q14194-2|DPYL1_HUMAN",0.969008440439043
"sp|P31150|GDIA_HUMAN",0.984675989238162
"sp|O60282|KIF5C_HUMAN",0.969008440439043
"sp|P11498|PYC_HUMAN",0.980569515583522
"sp|P11021|BIP_HUMAN",0.969008440439043
"sp|P43304|GPDM_HUMAN",0.969008440439043
"sp|P38646|GRP75_HUMAN",0.969008440439043
"sp|O60313|OPA1_HUMAN",0.969008440439043
"sp|P11217|PYGM_HUMAN",0.998997449377657
"sp|P25705-2|ATPA_HUMAN",0.97946056117681
"sp|Q8TDJ6|DMXL2_HUMAN",0.969008440439043
"sp|P35579|MYH9_HUMAN",0.969008440439043
"sp|Q99798|ACON_HUMAN",0.969008440439043
"sp|Q96QK1|VPS35_HUMAN",0.969008440439043
"sp|P68104|EF1A1_HUMAN",0.969008440439043
"sp|P50993|AT1A2_HUMAN",0.969008440439043
"sp|P13591|NCAM1_HUMAN",0.978801338986433
"sp|Q16181|SEPT7_HUMAN",0.969008440439043
"sp|P50990|TCPQ_HUMAN",0.969008440439043
"sp|Q92598|HS105_HUMAN",0.969008440439043
"sp|P17987|TCPA_HUMAN",0.969008440439043
"sp|P21281|VATB2_HUMAN",0.969008440439043
"sp|P26232-2|CTNA2_HUMAN",0.969008440439043
"sp|P08670|VIME_HUMAN",0.969008440439043
"sp|P26038|MOES_HUMAN",0.969008440439043
"sp|O43301|HS12A_HUMAN",0.987816132007473
"sp|O43707|ACTN4_HUMAN",0.969008440439043
"sp|Q14195-2|DPYL3_HUMAN",0.969008440439043
"sp|O60641|AP180_HUMAN",0.97946056117681
"sp|Q12860|CNTN1_HUMAN",0.969008440439043
"sp|P08238|HS90B_HUMAN",0.969008440439043
"sp|P06576|ATPB_HUMAN",0.97946056117681
"sp|O15075|DCLK1_HUMAN",0.969008440439043
"sp|O94925|GLSK_HUMAN",0.969008440439043
"sp|P50991|TCPD_HUMAN",0.969008440439043
"sp|P78371|TCPB_HUMAN",0.969008440439043
"sp|P08237|PFKAM_HUMAN",0.969008440439043
"sp|Q13200|PSMD2_HUMAN",0.969008440439043
"sp|Q7Z6Z7|HUWE1_HUMAN",0.975840766195044
"sp|O94856-9|NFASC_HUMAN",0.984675989238162
"sp|P19367|HXK1_HUMAN",0.97946056117681
"sp|Q9UBB6|NCDN_HUMAN",0.969008440439043
"sp|P13796|PLSL_HUMAN",0.969008440439043
"sp|P09104|ENOG_HUMAN",0.998997449377657
"sp|Q9HCM2|PLXA4_HUMAN",0.969008440439043
"sp|P18206|VINC_HUMAN",0.969008440439043
"sp|P53621|COPA_HUMAN",0.969008440439043
"sp|P49368|TCPG_HUMAN",0.969008440439043
"sp|P21579|SYT1_HUMAN",0.969008440439043
"sp|P05023|AT1A1_HUMAN",0.969008440439043
"sp|Q99832|TCPH_HUMAN",0.969008440439043
"sp|O75122-3|CLAP2_HUMAN",0.969008440439043
"sp|P31948|STIP1_HUMAN",0.969008440439043
"sp|Q07866-8|KLC1_HUMAN",0.969008440439043
"sp|P09471|GNAO_HUMAN",0.969008440439043
"sp|Q02218|ODO1_HUMAN",0.969008440439043
"sp|Q16531|DDB1_HUMAN",0.969008440439043
"sp|Q9H2X9|S12A5_HUMAN",0.969008440439043
"sp|P12277|KCRB_HUMAN",0.969008440439043
"sp|P52306-2|GDS1_HUMAN",0.97946056117681
"sp|O00410|IPO5_HUMAN",0.969008440439043
"sp|Q13509|TBB3_HUMAN",0.970806762592268
"sp|P46940|IQGA1_HUMAN",0.969008440439043
"sp|Q14974|IMB1_HUMAN",0.969008440439043
"sp|Q9NVA2|SEP11_HUMAN",0.996186376951723
"sp|Q13367|AP3B2_HUMAN",0.969008440439043
"sp|O43865|SAHH2_HUMAN",0.97946056117681
"sp|Q14240|IF4A2_HUMAN",0.969008440439043
"sp|P20020-4|AT2B1_HUMAN",0.969008440439043
"sp|P48735|IDHP_HUMAN",0.969008440439043
"sp|P62258|1433E_HUMAN",0.980569515583522
"sp|Q9Y2J2|E41L3_HUMAN",0.969008440439043
"sp|O75083|WDR1_HUMAN",0.969008440439043
"sp|P43034|LIS1_HUMAN",0.969008440439043
"sp|P62873|GBB1_HUMAN",0.97946056117681
"sp|P78559|MAP1A_HUMAN",0.969008440439043
"sp|O14980|XPO1_HUMAN",0.969008440439043
"sp|P35222|CTNB1_HUMAN",0.969008440439043
"sp|O00499|BIN1_HUMAN",0.97946056117681
"sp|P00558|PGK1_HUMAN",0.969008440439043
"sp|Q99719|SEPT5_HUMAN",0.969008440439043
"sp|Q96CW1|AP2M1_HUMAN",0.969008440439043
"sp|P55060|XPO2_HUMAN",0.969008440439043
"sp|Q12979|ABR_HUMAN",0.969008440439043
"sp|Q9C040|TRIM2_HUMAN",0.969008440439043
"sp|P45974|UBP5_HUMAN",0.969008440439043
"sp|P07196|NFL_HUMAN",0.969008440439043
"sp|P48147|PPCE_HUMAN",0.969008440439043
"sp|P29401|TKT_HUMAN",0.969008440439043
"sp|P05771-2|KPCB_HUMAN",0.980569515583522
"sp|Q99460|PSMD1_HUMAN",0.969008440439043
"sp|P61163|ACTZ_HUMAN",0.969008440439043
"sp|P48643|TCPE_HUMAN",0.969008440439043
"sp|P80404|GABT_HUMAN",0.969008440439043
"sp|O95741-2|CPNE6_HUMAN",0.969008440439043
"sp|Q9UQB8|BAIP2_HUMAN",0.969008440439043
"sp|Q9UQM7|KCC2A_HUMAN",0.969008440439043
"sp|P30101|PDIA3_HUMAN",0.969008440439043
"sp|P28482|MK01_HUMAN",0.969008440439043
"sp|P06753-5|TPM3_HUMAN",0.969008440439043
"sp|P61266|STX1B_HUMAN",0.984675989238162
"sp|P49588|SYAC_HUMAN",0.969008440439043
"sp|O95757|HS74L_HUMAN",0.969008440439043
"sp|Q16851|UGPA_HUMAN",0.969008440439043
"sp|P07195|LDHB_HUMAN",0.969008440439043
"sp|P35998|PRS7_HUMAN",0.969008440439043
"sp|Q08209|PP2BA_HUMAN",0.980569515583522
"sp|O75746|CMC1_HUMAN",0.998196330898642
"sp|P0DP25|CALM3_HUMAN",0.969008440439043
"sp|P10636-7|TAU_HUMAN",0.969008440439043
"sp|P09972|ALDOC_HUMAN",0.969008440439043
"sp|Q9Y4L1|HYOU1_HUMAN",0.969008440439043
"sp|Q15149|PLEC_HUMAN",0.969008440439043
"sp|P11940|PABP1_HUMAN",0.969008440439043
"sp|P52272|HNRPM_HUMAN",0.969008440439043
"sp|P63104|1433Z_HUMAN",0.969534842151819
"sp|P50213|IDH3A_HUMAN",0.969008440439043
"sp|P40227|TCPZ_HUMAN",0.969008440439043
"sp|P49418|AMPH_HUMAN",0.969008440439043
"sp|Q8NFP9|NBEA_HUMAN",0.969008440439043
"sp|P18669|PGAM1_HUMAN",0.969008440439043
"sp|Q8NCB2|CAMKV_HUMAN",0.969008440439043
"sp|Q93050|VPP1_HUMAN",0.969008440439043
"sp|P36871|PGM1_HUMAN",0.970806762592268
"sp|Q02750|MP2K1_HUMAN",0.969008440439043
"sp|O75145|LIPA3_HUMAN",0.969008440439043
"sp|Q14008|CKAP5_HUMAN",0.969008440439043
"sp|O00231|PSD11_HUMAN",0.969008440439043
"sp|P31323|KAP3_HUMAN",0.984675989238162
"sp|P54578|UBP14_HUMAN",0.969008440439043
"sp|P26641|EF1G_HUMAN",0.969008440439043
"sp|P62937|PPIA_HUMAN",0.969008440439043
"sp|P11216|PYGB_HUMAN",0.969008440439043
"sp|Q9UQ16-3|DYN3_HUMAN",0.969008440439043
"sp|P50148|GNAQ_HUMAN",0.969008440439043
"sp|Q05639|EF1A2_HUMAN",0.969008440439043
"sp|P14868|SYDC_HUMAN",0.969008440439043
"sp|P63151|2ABA_HUMAN",0.969008440439043
"sp|P08133|ANXA6_HUMAN",0.991176272939132
"sp|Q9UH03|SEPT3_HUMAN",0.991176272939132
"sp|Q00839|HNRPU_HUMAN",0.969008440439043
"sp|P08559|ODPA_HUMAN",0.980569515583522
"sp|Q9H115|SNAB_HUMAN",0.969008440439043
"sp|P62195|PRS8_HUMAN",0.969008440439043
"sp|O14617|AP3D1_HUMAN",0.969008440439043
"sp|P61160|ARP2_HUMAN",0.969008440439043
"sp|P61158|ARP3_HUMAN",0.969008440439043
"sp|P14136|GFAP_HUMAN",0.969008440439043
"sp|O43747|AP1G1_HUMAN",0.969008440439043
"sp|P08758|ANXA5_HUMAN",0.969008440439043
"sp|Q06210|GFPT1_HUMAN",0.969008440439043
"sp|P07197|NFM_HUMAN",0.969008440439043
"sp|Q16658|FSCN1_HUMAN",0.969008440439043
"sp|O15394|NCAM2_HUMAN",0.969008440439043
"sp|P21283|VATC1_HUMAN",0.969008440439043
"sp|Q92777-2|SYN2_HUMAN",0.969008440439043
"sp|P09936|UCHL1_HUMAN",0.969008440439043
"sp|P61978|HNRPK_HUMAN",0.969008440439043
"sp|O94826|TOM70_HUMAN",0.975524020831372
"sp|P35612|ADDB_HUMAN",0.97946056117681
"sp|P35606|COPB2_HUMAN",0.969008440439043
"sp|Q9NQX3-2|GEPH_HUMAN",0.969008440439043
"sp|Q93008|USP9X_HUMAN",0.969008440439043
"sp|Q92747|ARC1A_HUMAN",0.980569515583522
"sp|Q7L099-3|RUFY3_HUMAN",0.969008440439043
"sp|Q13423|NNTM_HUMAN",0.969008440439043
"sp|P07954-2|FUMH_HUMAN",0.976093334692331
"sp|O75914-2|PAK3_HUMAN",0.969008440439043
"sp|P0DMV9|HS71B_HUMAN",0.969008440439043
"sp|Q9NR46|SHLB2_HUMAN",0.969008440439043
"sp|P50395|GDIB_HUMAN",0.969008440439043
"sp|P04406|G3P_HUMAN",0.969008440439043
"sp|Q9UI12|VATH_HUMAN",0.969008440439043
"sp|P23528|COF1_HUMAN",0.969008440439043
"sp|Q8WXF7|ATLA1_HUMAN",0.969008440439043
"sp|Q9Y4I1|MYO5A_HUMAN",0.969008440439043
"sp|Q2M2I8|AAK1_HUMAN",0.969008440439043
"sp|P62333|PRS10_HUMAN",0.969008440439043
"sp|P51149|RAB7A_HUMAN",0.969008440439043
"sp|P61981|1433G_HUMAN",0.969008440439043
"sp|P28331|NDUS1_HUMAN",0.97946056117681
"sp|P60880|SNP25_HUMAN",0.969008440439043
"sp|Q96GW7|PGCB_HUMAN",0.969008440439043
"sp|Q9BY11|PACN1_HUMAN",0.969008440439043
"sp|Q7Z4S6-4|KI21A_HUMAN",0.969008440439043
"sp|Q10567|AP1B1_HUMAN",0.969008440439043
"sp|Q5TF21|SOGA3_HUMAN",0.969008440439043
"sp|P42262-2|GRIA2_HUMAN",0.969008440439043
"sp|Q8N573-8|OXR1_HUMAN",0.969008440439043
"sp|P23396|RS3_HUMAN",0.969008440439043
"sp|P49411|EFTU_HUMAN",0.969008440439043
"sp|P60174|TPIS_HUMAN",0.969008440439043
"sp|P61019|RAB2A_HUMAN",0.969008440439043
"sp|P49327|FAS_HUMAN",0.969008440439043
"sp|P09622|DLDH_HUMAN",0.969008440439043
"sp|Q9P2R7|SUCB1_HUMAN",0.969008440439043
"sp|O00232|PSD12_HUMAN",0.969008440439043
"sp|P11586|C1TC_HUMAN",0.969008440439043
"sp|P63244|RACK1_HUMAN",0.969008440439043
"sp|P21796|VDAC1_HUMAN",0.969008440439043
"sp|Q92499|DDX1_HUMAN",0.969008440439043
"sp|Q9Y3I0|RTCB_HUMAN",0.969008440439043
"sp|Q9Y678|COPG1_HUMAN",0.969008440439043
"sp|Q9UQ80|PA2G4_HUMAN",0.969008440439043
"sp|P62820|RAB1A_HUMAN",0.969008440439043
"sp|P49419-2|AL7A1_HUMAN",0.969008440439043
"sp|O43242|PSMD3_HUMAN",0.969008440439043
"sp|O75874|IDHC_HUMAN",0.969008440439043
"sp|P15104|GLNA_HUMAN",0.969008440439043
"sp|Q9H4M9|EHD1_HUMAN",0.969008440439043
"sp|Q15365|PCBP1_HUMAN",0.969008440439043
"sp|P43004|EAA2_HUMAN",0.980569515583522
"sp|O15144|ARPC2_HUMAN",0.969008440439043
"sp|Q9Y3F4|STRAP_HUMAN",0.969008440439043
"sp|O15294|OGT1_HUMAN",0.969008440439043
"sp|P13861|KAP2_HUMAN",0.969008440439043
"sp|Q96AC1|FERM2_HUMAN",0.969008440439043
"sp|P22626|ROA2_HUMAN",0.969008440439043
"sp|P62760|VISL1_HUMAN",0.969008440439043
"sp|Q9ULV4|COR1C_HUMAN",0.969008440439043
"sp|O75061-2|AUXI_HUMAN",0.969008440439043
"sp|Q9UIW2|PLXA1_HUMAN",0.969008440439043
"sp|P35611|ADDA_HUMAN",0.969008440439043
"sp|P42224|STAT1_HUMAN",0.969008440439043
"sp|Q13838|DX39B_HUMAN",0.969008440439043
"sp|P07814|SYEP_HUMAN",0.969008440439043
"sp|Q92823|NRCAM_HUMAN",0.969008440439043
"sp|P60900|PSA6_HUMAN",0.969008440439043
"sp|P06396-2|GELS_HUMAN",0.969008440439043
"sp|P07355-2|ANXA2_HUMAN",0.969008440439043
"sp|Q96FC7|PHIPL_HUMAN",0.969008440439043
"sp|P62140|PP1B_HUMAN",0.969008440439043
"sp|Q01581|HMCS1_HUMAN",0.969008440439043
"sp|P36776|LONM_HUMAN",0.969008440439043
"sp|Q9UPR5|NAC2_HUMAN",0.969008440439043
"sp|Q14738|2A5D_HUMAN",0.994925685146376
"sp|P19338|NUCL_HUMAN",0.969008440439043
"sp|O75116|ROCK2_HUMAN",0.969008440439043
"sp|Q16798|MAON_HUMAN",0.969008440439043
"sp|Q9BT78|CSN4_HUMAN",0.969008440439043
"sp|Q8N3J6|CADM2_HUMAN",0.973134227853226
"sp|O43852|CALU_HUMAN",0.969008440439043
"sp|P06744|G6PI_HUMAN",0.969008440439043
"sp|Q02156|KPCE_HUMAN",0.980569515583522
"sp|P84074|HPCA_HUMAN",0.991176272939132
"sp|Q15019|SEPT2_HUMAN",0.969008440439043
"sp|Q9NQW7|XPP1_HUMAN",0.969008440439043
"sp|Q92945|FUBP2_HUMAN",0.969008440439043
"sp|P17980|PRS6A_HUMAN",0.969008440439043
"sp|Q96FW1|OTUB1_HUMAN",0.97946056117681
"sp|P06737|PYGL_HUMAN",0.969008440439043
"sp|Q9UPY8|MARE3_HUMAN",0.969008440439043
"sp|P27797|CALR_HUMAN",0.969008440439043
"sp|Q92841|DDX17_HUMAN",0.969008440439043
"sp|Q15907|RB11B_HUMAN",0.969008440439043
"sp|P05067|A4_HUMAN",0.969008440439043
"sp|Q13228|SBP1_HUMAN",0.969008440439043
"sp|P49591|SYSC_HUMAN",0.97946056117681
"sp|Q7KZF4|SND1_HUMAN",0.969008440439043
"sp|P45880|VDAC2_HUMAN",0.969008440439043
"sp|Q13561|DCTN2_HUMAN",0.969008440439043
"sp|O43491|E41L2_HUMAN",0.969008440439043
"sp|P25786|PSA1_HUMAN",0.969008440439043
"sp|Q06124|PTN11_HUMAN",0.997333625755084
"sp|Q9NZW5|MPP6_HUMAN",0.969008440439043
"sp|Q9ULB1-3|NRX1A_HUMAN",0.969008440439043
"sp|Q99962|SH3G2_HUMAN",0.969008440439043
"sp|O95373|IPO7_HUMAN",0.969008440439043
"sp|Q16643-3|DREB_HUMAN",0.969008440439043
"sp|P27348|1433T_HUMAN",0.969008440439043
"sp|P47755|CAZA2_HUMAN",0.969008440439043
"sp|Q13618|CUL3_HUMAN",0.980569515583522
"sp|O14936-6|CSKP_HUMAN",0.969008440439043
"sp|Q9UNZ2|NSF1C_HUMAN",0.969008440439043
"sp|P41250|GARS_HUMAN",0.969008440439043
"sp|Q9UI15|TAGL3_HUMAN",0.969008440439043
"sp|P04350|TBB4A_HUMAN",0.996080351764097
"sp|Q9BXS5|AP1M1_HUMAN",0.969008440439043
"sp|P61106|RAB14_HUMAN",0.969008440439043
"sp|Q13554|KCC2B_HUMAN",0.969008440439043
"sp|P40926|MDHM_HUMAN",0.97946056117681
"sp|P63098|CANB1_HUMAN",0.969008440439043
"sp|P60981|DEST_HUMAN",0.97946056117681
"sp|Q9Y4E6|WDR7_HUMAN",0.969008440439043
"sp|P00505|AATM_HUMAN",0.969008440439043
"sp|O94979|SC31A_HUMAN",0.969008440439043
"sp|Q14254|FLOT2_HUMAN",0.969008440439043
"sp|P07237|PDIA1_HUMAN",0.969008440439043
"sp|Q15700-3|DLG2_HUMAN",0.969008440439043
"sp|P04899|GNAI2_HUMAN",0.969008440439043
"sp|Q08174-2|PCDH1_HUMAN",0.969008440439043
"sp|Q09666|AHNK_HUMAN",0.969008440439043
"sp|O60763|USO1_HUMAN",0.969008440439043
"sp|Q16623|STX1A_HUMAN",0.969008440439043
"sp|Q01518|CAP1_HUMAN",0.969008440439043
"sp|P47756-2|CAPZB_HUMAN",0.969008440439043
"sp|Q9UBC2|EP15R_HUMAN",0.969008440439043
"sp|Q14152|EIF3A_HUMAN",0.969008440439043
"sp|P27824|CALX_HUMAN",0.969008440439043
"sp|P40925-3|MDHC_HUMAN",0.969008440439043
"sp|P54577|SYYC_HUMAN",0.969008440439043
"sp|Q9P260-2|RELCH_HUMAN",0.980569515583522
"sp|P31040|SDHA_HUMAN",0.97946056117681
"sp|P60891|PRPS1_HUMAN",0.969008440439043
"sp|O94967|WDR47_HUMAN",0.969008440439043
"sp|P09651|ROA1_HUMAN",0.969008440439043
"sp|P54289-2|CA2D1_HUMAN",0.969008440439043
"sp|O75955|FLOT1_HUMAN",0.969008440439043
"sp|P23468-7|PTPRD_HUMAN",0.969008440439043
"sp|ALBU_BOVIN",0.969008440439043
"sp|P60953-1|CDC42_HUMAN",0.969008440439043
"sp|Q6VY07|PACS1_HUMAN",0.969008440439043
"sp|P49821|NDUV1_HUMAN",0.998196330898642
"sp|P22694|KAPCB_HUMAN",0.969008440439043
"sp|Q8WXG6|MADD_HUMAN",0.969008440439043
"sp|P23526|SAHH_HUMAN",0.969008440439043
"sp|P53618|COPB_HUMAN",0.969008440439043
"sp|O43837|IDH3B_HUMAN",0.969008440439043
"sp|P14550|AK1A1_HUMAN",0.969008440439043
"sp|P68400|CSK21_HUMAN",0.972163614999989
"sp|P61586|RHOA_HUMAN",0.969008440439043
"sp|P53677|AP3M2_HUMAN",0.969008440439043
"sp|Q9Y2J0|RP3A_HUMAN",0.969008440439043
"sp|O75390|CISY_HUMAN",0.972163614999989
"sp|P05129|KPCG_HUMAN",0.969008440439043
"sp|Q99536|VAT1_HUMAN",0.969008440439043
"sp|P54920|SNAA_HUMAN",0.969008440439043
"sp|P24821|TENA_HUMAN",0.969008440439043
"sp|P31153|METK2_HUMAN",0.969008440439043
"sp|P62191|PRS4_HUMAN",0.969008440439043
"sp|Q9NTK5|OLA1_HUMAN",0.969008440439043
"sp|Q16352|AINX_HUMAN",0.969008440439043
"sp|Q9NUQ9|FA49B_HUMAN",0.969008440439043
"sp|O94973|AP2A2_HUMAN",0.969008440439043
"sp|Q14847|LASP1_HUMAN",0.969008440439043
"sp|O95970|LGI1_HUMAN",0.970806762592268
"sp|Q99497|PARK7_HUMAN",0.969008440439043
"sp|O60749|SNX2_HUMAN",0.969008440439043
"sp|P17174|AATC_HUMAN",0.980569515583522
"sp|P48739-2|PIPNB_HUMAN",0.969008440439043
"sp|P49841|GSK3B_HUMAN",0.969008440439043
"sp|P15880|RS2_HUMAN",0.969008440439043
"sp|O43776|SYNC_HUMAN",0.969008440439043
"sp|P62701|RS4X_HUMAN",0.969008440439043
"sp|O43396|TXNL1_HUMAN",0.969008440439043
"sp|Q9UEY8|ADDG_HUMAN",0.969008440439043
"sp|O14594|NCAN_HUMAN",0.969008440439043
"sp|P26639|SYTC_HUMAN",0.969008440439043
"sp|Q5T4S7|UBR4_HUMAN",0.969008440439043
"sp|Q06830|PRDX1_HUMAN",0.969008440439043
"sp|Q9Y376|CAB39_HUMAN",0.969008440439043
"sp|Q4V328|GRAP1_HUMAN",0.969008440439043
"sp|Q9UNM6|PSD13_HUMAN",0.969008440439043
"sp|Q92558|WASF1_HUMAN",0.969008440439043
"sp|P78356|PI42B_HUMAN",0.969008440439043
"sp|O43237|DC1L2_HUMAN",0.969008440439043
"sp|Q9Y6R1|S4A4_HUMAN",0.969008440439043
"sp|P33176|KINH_HUMAN",0.969008440439043
"sp|P15170-2|ERF3A_HUMAN",0.969008440439043
"sp|Q9Y230|RUVB2_HUMAN",0.969008440439043
"sp|P16949|STMN1_HUMAN",0.969008440439043
"sp|P13667|PDIA4_HUMAN",0.969008440439043
"sp|Q92736-2|RYR2_HUMAN",0.969008440439043
"sp|P63241|IF5A1_HUMAN",0.969008440439043
"sp|P13797|PLST_HUMAN",0.969008440439043
"sp|Q9NSD9|SYFB_HUMAN",0.969008440439043
"sp|P20336|RAB3A_HUMAN",0.969008440439043
"sp|Q01995|TAGL_HUMAN",0.969008440439043
"sp|P43686|PRS6B_HUMAN",0.969008440439043
"sp|P05198|IF2A_HUMAN",0.969008440439043
"sp|Q9Y265|RUVB1_HUMAN",0.969008440439043
"sp|P22676|CALB2_HUMAN",0.969008440439043
"sp|O60506|HNRPQ_HUMAN",0.969008440439043
"sp|P48444|COPD_HUMAN",0.969008440439043
"sp|Q9C0C9|UBE2O_HUMAN",0.969008440439043
"sp|Q08752|PPID_HUMAN",0.969008440439043
"sp|Q15181|IPYR_HUMAN",0.969008440439043
"sp|Q99747|SNAG_HUMAN",0.969008440439043
"sp|P61421|VA0D1_HUMAN",0.969008440439043
"sp|Q9HCJ6|VAT1L_HUMAN",0.969008440439043
"sp|Q9NQC3|RTN4_HUMAN",0.969008440439043
"sp|P00492|HPRT_HUMAN",0.969008440439043
"sp|P63000|RAC1_HUMAN",0.969008440439043
"sp|Q99250|SCN2A_HUMAN",0.997333625755084
"sp|Q7L1Q6|BZW1_HUMAN",0.969008440439043
"sp|P61247|RS3A_HUMAN",0.969008440439043
"sp|P47870|GBRB2_HUMAN",0.969008440439043
"sp|O15143|ARC1B_HUMAN",0.969008440439043
"sp|P52565|GDIR1_HUMAN",0.969008440439043
"sp|Q9HAV0|GBB4_HUMAN",0.969008440439043
"sp|Q12756|KIF1A_HUMAN",0.969008440439043
"sp|Q8WUM4|PDC6I_HUMAN",0.969008440439043
"sp|P32004|L1CAM_HUMAN",0.969008440439043
"sp|P51665|PSMD7_HUMAN",0.969008440439043
"sp|P12081|SYHC_HUMAN",0.969008440439043
"sp|Q5JWF2|GNAS1_HUMAN",0.969008440439043
"sp|Q15436|SC23A_HUMAN",0.969008440439043
"sp|P67936|TPM4_HUMAN",0.969008440439043
"sp|Q8N568|DCLK2_HUMAN",0.969008440439043
"sp|Q16799-3|RTN1_HUMAN",0.969008440439043
"sp|P68402|PA1B2_HUMAN",0.969008440439043
"sp|Q9Y2X7-3|GIT1_HUMAN",0.969008440439043
"sp|P09543|CN37_HUMAN",0.969008440439043
"sp|P06733|ENOA_HUMAN",0.969008440439043
"sp|P52209|6PGD_HUMAN",0.969008440439043
"sp|P49189|AL9A1_HUMAN",0.969008440439043
"sp|P09429|HMGB1_HUMAN",0.969008440439043
"sp|P62826|RAN_HUMAN",0.969008440439043
"sp|P07384|CAN1_HUMAN",0.969008440439043
"sp|Q9H936|GHC1_HUMAN",0.970806762592268
"sp|Q92752|TENR_HUMAN",0.969008440439043
"sp|P32418|NAC1_HUMAN",0.969008440439043
"sp|Q7L0J3|SV2A_HUMAN",0.969008440439043
"sp|Q92974|ARHG2_HUMAN",0.969008440439043
"sp|O14576|DC1I1_HUMAN",0.969008440439043
"sp|P51674|GPM6A_HUMAN",0.998196330898642
"sp|P31146|COR1A_HUMAN",0.969008440439043
"sp|Q9UKU0-9|ACSL6_HUMAN",0.969008440439043
"sp|P23246|SFPQ_HUMAN",0.969008440439043
"sp|Q06323|PSME1_HUMAN",0.969008440439043
"sp|P23634-6|AT2B4_HUMAN",0.970107715317873
"sp|Q92561|PHYIP_HUMAN",0.969008440439043
"sp|Q16143|SYUB_HUMAN",0.969008440439043
"sp|P78357|CNTP1_HUMAN",0.969008440439043
"sp|Q15008-4|PSMD6_HUMAN",0.969008440439043
"sp|P62993|GRB2_HUMAN",0.969008440439043
"sp|Q8WY54|PPM1E_HUMAN",0.969008440439043
"sp|Q9Y696|CLIC4_HUMAN",0.969008440439043
"sp|P36543|VATE1_HUMAN",0.969008440439043
"sp|P23471|PTPRZ_HUMAN",0.969008440439043
"sp|P11413|G6PD_HUMAN",0.969008440439043
"sp|P54764-2|EPHA4_HUMAN",0.969008440439043
"sp|P39023|RL3_HUMAN",0.969008440439043
"sp|O60884|DNJA2_HUMAN",0.969008440439043
"sp|O75044|SRGP2_HUMAN",0.969008440439043
"sp|P61204|ARF3_HUMAN",0.969008440439043
"sp|P61224|RAP1B_HUMAN",0.969008440439043
"sp|Q15417|CNN3_HUMAN",0.969008440439043
"sp|Q9P2J5|SYLC_HUMAN",0.969008440439043
"sp|Q13409-2|DC1I2_HUMAN",0.969008440439043
"sp|Q9Y639-5|NPTN_HUMAN",0.969008440439043
"sp|Q13098|CSN1_HUMAN",0.969008440439043
"sp|P61604|CH10_HUMAN",0.969008440439043
"sp|O43295|SRGP3_HUMAN",0.969008440439043
"sp|Q16566|KCC4_HUMAN",0.969008440439043
"sp|Q15555|MARE2_HUMAN",0.969008440439043
"sp|Q86UY8|NT5D3_HUMAN",0.969008440439043
"sp|Q01813|PFKAP_HUMAN",0.969008440439043
"sp|O00154|BACH_HUMAN",0.969008440439043
"sp|Q9ULP0-2|NDRG4_HUMAN",0.969008440439043
"sp|O75534|CSDE1_HUMAN",0.969008440439043
"sp|P23381|SYWC_HUMAN",0.969008440439043
"sp|P37802|TAGL2_HUMAN",0.969008440439043
"sp|Q96HU8|DIRA2_HUMAN",0.969008440439043
"sp|P22061|PIMT_HUMAN",0.969008440439043
"sp|P49407|ARRB1_HUMAN",0.969008440439043
"sp|P05388|RLA0_HUMAN",0.969008440439043
"sp|P28066|PSA5_HUMAN",0.969008440439043
"sp|Q14697|GANAB_HUMAN",0.969008440439043
"sp|Q6PCE3|PGM2L_HUMAN",0.969008440439043
"sp|P59998|ARPC4_HUMAN",0.969008440439043
"sp|Q3SY69|AL1L2_HUMAN",0.969008440439043
"sp|P62424|RL7A_HUMAN",0.969008440439043
"sp|P25788|PSA3_HUMAN",0.969008440439043
"sp|P11766|ADHX_HUMAN",0.969008440439043
"sp|P49802-5|RGS7_HUMAN",0.969008440439043
"sp|Q5JSH3|WDR44_HUMAN",0.969008440439043
"sp|Q15075|EEA1_HUMAN",0.969008440439043
"sp|Q13492|PICAL_HUMAN",0.969008440439043
"sp|P25789|PSA4_HUMAN",0.969008440439043
"sp|P28838|AMPL_HUMAN",0.969008440439043
"sp|P04843|RPN1_HUMAN",0.969008440439043
"sp|Q9UMX0|UBQL1_HUMAN",0.969008440439043
"sp|P30086|PEBP1_HUMAN",0.980569515583522
"sp|P13804|ETFA_HUMAN",0.969008440439043
"sp|Q6IBS0|TWF2_HUMAN",0.969008440439043
"sp|Q9Y617|SERC_HUMAN",0.970806762592268
"sp|Q9UKG1|DP13A_HUMAN",0.969008440439043
"sp|O60502|OGA_HUMAN",0.984675989238162
"sp|P08865|RSSA_HUMAN",0.969008440439043
"sp|P30626|SORCN_HUMAN",0.969008440439043
"sp|Q9BQI5|SGIP1_HUMAN",0.969008440439043
"sp|O43432|IF4G3_HUMAN",0.969008440439043
"sp|P31943|HNRH1_HUMAN",0.969008440439043
"sp|Q9NP72|RAB18_HUMAN",0.969008440439043
"sp|Q02252|MMSA_HUMAN",0.969008440439043
"sp|P60201|MYPR_HUMAN",0.969008440439043
"sp|Q9P2T1-2|GMPR2_HUMAN",0.969008440439043
"sp|P43003|EAA1_HUMAN",0.969008440439043
"sp|Q16891|MIC60_HUMAN",0.969008440439043
"sp|O00471|EXOC5_HUMAN",0.969008440439043
"sp|P26196|DDX6_HUMAN",0.969008440439043
"sp|P40939|ECHA_HUMAN",0.969008440439043
"sp|Q9UPV7|PHF24_HUMAN",0.969008440439043
"sp|Q13363|CTBP1_HUMAN",0.969008440439043
"sp|P14415|AT1B2_HUMAN",0.969008440439043
"sp|P47736-4|RPGP1_HUMAN",0.969008440439043
"sp|Q00577|PURA_HUMAN",0.969008440439043
"sp|P05107|ITB2_HUMAN",0.969008440439043
"sp|Q9UM19|HPCL4_HUMAN",0.969008440439043
"sp|P25098|ARBK1_HUMAN",0.969008440439043
"sp|P01112|RASH_HUMAN",0.969008440439043
"sp|Q9P2U7|VGLU1_HUMAN",0.984675989238162
"sp|Q04917|1433F_HUMAN",0.969008440439043
"sp|P61088|UBE2N_HUMAN",0.969008440439043
"sp|Q9NRW1|RAB6B_HUMAN",0.996735085119395
"sp|P58546|MTPN_HUMAN",0.969008440439043
"sp|P61201|CSN2_HUMAN",0.969008440439043
"sp|Q01105-2|SET_HUMAN",0.969008440439043
"sp|Q9UHD8|SEPT9_HUMAN",0.969008440439043
"sp|Q9Y6G9|DC1L1_HUMAN",0.969008440439043
"sp|O15540|FABP7_HUMAN",0.969008440439043
"sp|P12532|KCRU_HUMAN",0.969008440439043
"sp|P13693|TCTP_HUMAN",0.969008440439043
"sp|P55010|IF5_HUMAN",0.969008440439043
"sp|P42658|DPP6_HUMAN",0.969008440439043
"sp|P09417|DHPR_HUMAN",0.969008440439043
"sp|O14775|GNB5_HUMAN",0.998997449377657
"sp|Q9NZR1|TMOD2_HUMAN",0.97946056117681
"sp|Q8N126|CADM3_HUMAN",0.969008440439043
"sp|Q92599|SEPT8_HUMAN",0.973134227853226
"sp|Q8IXJ6|SIR2_HUMAN",0.969008440439043
"sp|P12814-4|ACTN1_HUMAN",0.969008440439043
"sp|P51148|RAB5C_HUMAN",0.969008440439043
"sp|Q92896|GSLG1_HUMAN",0.969008440439043
"sp|Q9NYB9|ABI2_HUMAN",0.97946056117681
"sp|P36578|RL4_HUMAN",0.969008440439043
"sp|P35232|PHB_HUMAN",0.969008440439043
"sp|P19086|GNAZ_HUMAN",0.969008440439043
"sp|P54727|RD23B_HUMAN",0.969008440439043
"sp|P07737|PROF1_HUMAN",0.969008440439043
"sp|P18124|RL7_HUMAN",0.969008440439043
"sp|Q00535|CDK5_HUMAN",0.969008440439043
"sp|Q9Y5K8|VATD_HUMAN",0.969008440439043
"sp|Q14141|SEPT6_HUMAN",0.998196330898642
"sp|P10915|HPLN1_HUMAN",0.969008440439043
"sp|Q9HAV4|XPO5_HUMAN",0.969008440439043
"sp|P59768|GBG2_HUMAN",0.969008440439043
"sp|Q96CX2|KCD12_HUMAN",0.969008440439043
"sp|P36405|ARL3_HUMAN",0.969008440439043
"sp|P61018|RAB4B_HUMAN",0.99210811379941
"sp|P55209|NP1L1_HUMAN",0.969008440439043
"sp|P35080-2|PROF2_HUMAN",0.969008440439043
"sp|P28074|PSB5_HUMAN",0.969008440439043
"sp|P11177|ODPB_HUMAN",0.969008440439043
"sp|Q14168|MPP2_HUMAN",0.969008440439043
"sp|O43175|SERA_HUMAN",0.969008440439043
"sp|P63208|SKP1_HUMAN",0.969008440439043
"sp|P41091|IF2G_HUMAN",0.969008440439043
"sp|Q02978|M2OM_HUMAN",0.969008440439043
"sp|Q9P0L0|VAPA_HUMAN",0.969008440439043
"sp|P31946|1433B_HUMAN",0.969008440439043
"sp|Q15366-6|PCBP2_HUMAN",0.969008440439043
"sp|Q13491-4|GPM6B_HUMAN",0.969008440439043
"sp|Q4G0F5|VP26B_HUMAN",0.973968895080608
"sp|P61086|UBE2K_HUMAN",0.969008440439043
"sp|Q8IV08|PLD3_HUMAN",0.969008440439043
"sp|P10768|ESTD_HUMAN",0.969008440439043
"sp|O95831|AIFM1_HUMAN",0.969008440439043
"sp|P46108|CRK_HUMAN",0.969008440439043
"sp|P60842|IF4A1_HUMAN",0.969008440439043
"sp|Q9HB71|CYBP_HUMAN",0.969008440439043
"sp|O60493|SNX3_HUMAN",0.969008440439043
"sp|P52888|THOP1_HUMAN",0.969008440439043
"sp|O94910|AGRL1_HUMAN",0.969008440439043
"sp|Q14764|MVP_HUMAN",0.969008440439043
"sp|P55036|PSMD4_HUMAN",0.969008440439043
"sp|Q9Y3P9|RBGP1_HUMAN",0.969008440439043
"sp|Q15121|PEA15_HUMAN",0.969008440439043
"sp|Q9Y266|NUDC_HUMAN",0.969008440439043
"sp|Q9Y2Q0|AT8A1_HUMAN",0.969008440439043
"sp|Q99623|PHB2_HUMAN",0.969008440439043
"sp|Q9Y224|RTRAF_HUMAN",0.969008440439043
"sp|P17677|NEUM_HUMAN",0.969008440439043
"sp|Q9Y2T3|GUAD_HUMAN",0.969008440439043
"sp|Q13557|KCC2D_HUMAN",0.969008440439043
"sp|Q00169|PIPNA_HUMAN",0.987077824675514
"sp|O14818|PSA7_HUMAN",0.969008440439043
"sp|Q15056|IF4H_HUMAN",0.969008440439043
"sp|Q9UBS5|GABR1_HUMAN",0.980569515583522
"sp|Q9UNH7|SNX6_HUMAN",0.969008440439043
"sp|O95202|LETM1_HUMAN",0.991176272939132
"sp|Q02790|FKBP4_HUMAN",0.969008440439043
"sp|Q15084|PDIA6_HUMAN",0.969008440439043
"sp|P23284|PPIB_HUMAN",0.969008440439043
"sp|Q15691|MARE1_HUMAN",0.969008440439043
"sp|O15020-2|SPTN2_HUMAN",0.969008440439043
"sp|P62241|RS8_HUMAN",0.969008440439043
"sp|P05091|ALDH2_HUMAN",0.969008440439043
"sp|P04040|CATA_HUMAN",0.969008440439043
"sp|P68366|TBA4A_HUMAN",0.980569515583522
"sp|P68036|UB2L3_HUMAN",0.969008440439043
"sp|P31930|QCR1_HUMAN",0.980569515583522
"sp|P10515|ODP2_HUMAN",0.969008440439043
"sp|Q9UMF0|ICAM5_HUMAN",0.969008440439043
"sp|P17252|KPCA_HUMAN",0.97946056117681
"sp|P16298|PP2BB_HUMAN",0.969008440439043
"sp|O75663|TIPRL_HUMAN",0.97946056117681
"sp|P53041|PPP5_HUMAN",0.97946056117681
"sp|Q16537|2A5E_HUMAN",0.969008440439043
"sp|Q99873|ANM1_HUMAN",0.969008440439043
"sp|Q14155-5|ARHG7_HUMAN",0.969008440439043
"sp|P30085|KCY_HUMAN",0.969008440439043
"sp|P62879|GBB2_HUMAN",0.969008440439043
"sp|Q9UIA9|XPO7_HUMAN",0.969008440439043
"sp|Q8IU85|KCC1D_HUMAN",0.970311829140686
"sp|P04264|K2C1_HUMAN",0.969008440439043
"sp|Q96I99|SUCB2_HUMAN",0.970806762592268
"sp|Q7L5N1|CSN6_HUMAN",0.969008440439043
"sp|P09497|CLCB_HUMAN",0.984675989238162
"sp|Q13263|TIF1B_HUMAN",0.969008440439043
"sp|Q9NY33|DPP3_HUMAN",0.969008440439043
"sp|P04632|CPNS1_HUMAN",0.969008440439043
"sp|O95865|DDAH2_HUMAN",0.969008440439043
"sp|P62495|ERF1_HUMAN",0.969008440439043
"sp|P35241|RADI_HUMAN",0.969008440439043
"sp|Q13177|PAK2_HUMAN",0.969008440439043
"sp|Q9P1U1|ARP3B_HUMAN",0.969008440439043
"sp|Q8IV01|SYT12_HUMAN",0.969008440439043
"sp|P32119|PRDX2_HUMAN",0.969008440439043
"sp|P38117|ETFB_HUMAN",0.969008440439043
"sp|O00299|CLIC1_HUMAN",0.969008440439043
"sp|P51553|IDH3G_HUMAN",0.969008440439043
"sp|P00568|KAD1_HUMAN",0.97946056117681
"sp|P63027|VAMP2_HUMAN",0.969008440439043
"sp|Q96BM9|ARL8A_HUMAN",0.969008440439043
"sp|O60784|TOM1_HUMAN",0.984675989238162
"sp|P63096|GNAI1_HUMAN",0.969008440439043
"sp|Q99729-3|ROAA_HUMAN",0.969008440439043
"sp|O00264|PGRC1_HUMAN",0.969008440439043
"sp|P20073|ANXA7_HUMAN",0.969008440439043
"sp|Q9UN36-2|NDRG2_HUMAN",0.969008440439043
"sp|Q9UNS2|CSN3_HUMAN",0.969008440439043
"sp|Q12931|TRAP1_HUMAN",0.969008440439043
"sp|Q9BPW8|NIPS1_HUMAN",0.969008440439043
"sp|P30419|NMT1_HUMAN",0.969008440439043
"sp|Q9P2R3-4|ANFY1_HUMAN",0.969008440439043
"sp|A0MZ66|SHOT1_HUMAN",0.972163614999989
"sp|Q14C86|GAPD1_HUMAN",0.969008440439043
"sp|Q9UQB3|CTND2_HUMAN",0.97946056117681
"sp|Q9P0K1|ADA22_HUMAN",0.980569515583522
"sp|P31689|DNJA1_HUMAN",0.969008440439043
"sp|P06748|NPM_HUMAN",0.969008440439043
"sp|P54652|HSP72_HUMAN",0.969008440439043
"sp|P25398|RS12_HUMAN",0.969008440439043
"sp|Q9UJZ1|STML2_HUMAN",0.969008440439043
"sp|Q99613|EIF3C_HUMAN",0.969008440439043
"sp|P35813|PPM1A_HUMAN",0.969008440439043
"sp|P55884|EIF3B_HUMAN",0.969008440439043
"sp|Q9BTV5|FSD1_HUMAN",0.969008440439043
"sp|Q9Y243|AKT3_HUMAN",0.969008440439043
"sp|P52788|SPSY_HUMAN",0.969008440439043
"sp|Q9H1Z4|WDR13_HUMAN",0.969008440439043
"sp|Q02153|GCYB1_HUMAN",0.996950085632844
"sp|Q86UP2|KTN1_HUMAN",0.969008440439043
"sp|O95433|AHSA1_HUMAN",0.969008440439043
"sp|P30048|PRDX3_HUMAN",0.969008440439043
"sp|Q96GR2|ACBG1_HUMAN",0.971455663106141
"sp|P07339|CATD_HUMAN",0.969008440439043
"sp|P60660|MYL6_HUMAN",0.969008440439043
"sp|P62979|RS27A_HUMAN",0.969008440439043
"sp|Q9GZP4|PITH1_HUMAN",0.969008440439043
"sp|P53779|MK10_HUMAN",0.969008440439043
"sp|P21399|ACOC_HUMAN",0.969008440439043
"sp|P41252|SYIC_HUMAN",0.969008440439043
"sp|Q6U841-3|S4A10_HUMAN",0.969008440439043
"sp|P29350|PTN6_HUMAN",0.969008440439043
"sp|Q9UBW8|CSN7A_HUMAN",0.969008440439043
"sp|P22059|OSBP1_HUMAN",0.969008440439043
"sp|Q9NZN3|EHD3_HUMAN",0.984675989238162
"sp|P50502|F10A1_HUMAN",0.969008440439043
"sp|P25787|PSA2_HUMAN",0.969008440439043
"sp|O95248|MTMR5_HUMAN",0.969008440439043
"sp|Q9BR01|ST4A1_HUMAN",0.969008440439043
"sp|O15145|ARPC3_HUMAN",0.969008440439043
"sp|P46781|RS9_HUMAN",0.969008440439043
"sp|P20618|PSB1_HUMAN",0.969008440439043
"sp|P16870|CBPE_HUMAN",0.969008440439043
"sp|Q92783|STAM1_HUMAN",0.969008440439043
"sp|O00139|KIF2A_HUMAN",0.969008440439043
"sp|Q92905|CSN5_HUMAN",0.969008440439043
"sp|Q13526|PIN1_HUMAN",0.969008440439043
"sp|P19105|ML12A_HUMAN",0.980569515583522
"sp|P37837|TALDO_HUMAN",0.969008440439043
"sp|Q13740|CD166_HUMAN",0.969008440439043
"sp|Q16836|HCDH_HUMAN",0.969008440439043
"sp|Q16543|CDC37_HUMAN",0.969008440439043
"sp|P40123|CAP2_HUMAN",0.969008440439043
"sp|Q9HC38-2|GLOD4_HUMAN",0.969008440439043
"sp|Q9BS26|ERP44_HUMAN",0.969008440439043
"sp|O43681|ASNA_HUMAN",0.969008440439043
"sp|O75396|SC22B_HUMAN",0.980677708605499
"sp|Q07960|RHG01_HUMAN",0.969008440439043
"sp|Q15257-2|PTPA_HUMAN",0.969008440439043
"sp|Q9H1V8|S6A17_HUMAN",0.986955356926953
"sp|P36915|GNL1_HUMAN",0.969008440439043
"sp|Q96CN7|ISOC1_HUMAN",0.969008440439043
"sp|P61758|PFD3_HUMAN",0.969008440439043
"sp|Q8NC51|PAIRB_HUMAN",0.969008440439043
"sp|P29762|RABP1_HUMAN",0.969008440439043
"sp|P09493-5|TPM1_HUMAN",0.969008440439043
"sp|P21912|SDHB_HUMAN",0.969008440439043
"sp|Q86YM7|HOME1_HUMAN",0.969008440439043
"sp|Q3LXA3|TKFC_HUMAN",0.969008440439043
"sp|P60983|GMFB_HUMAN",0.969008440439043
"sp|Q15185|TEBP_HUMAN",0.969008440439043
"sp|P48163|MAOX_HUMAN",0.969008440439043
"sp|Q08AM6|VAC14_HUMAN",0.969008440439043
"sp|P51659|DHB4_HUMAN",0.969008440439043
"sp|Q8N335|GPD1L_HUMAN",0.969008440439043
"sp|O43815|STRN_HUMAN",0.969008440439043
"sp|O00571|DDX3X_HUMAN",0.969008440439043
"sp|P23368|MAOM_HUMAN",0.969008440439043
"sp|O43602|DCX_HUMAN",0.973968895080608
"sp|P51858|HDGF_HUMAN",0.969008440439043
"sp|P51452|DUS3_HUMAN",0.969008440439043
"sp|P42704|LPPRC_HUMAN",0.977279702864724
"sp|P62244|RS15A_HUMAN",0.969008440439043
"sp|Q92734|TFG_HUMAN",0.969008440439043
"sp|P62249|RS16_HUMAN",0.969008440439043
"sp|Q8NFZ8|CADM4_HUMAN",0.969008440439043
"sp|P61081|UBC12_HUMAN",0.969008440439043
"sp|P26440|IVD_HUMAN",0.969008440439043
"sp|P20591|MX1_HUMAN",0.969008440439043
"sp|P10644|KAP0_HUMAN",0.969008440439043
"sp|P30044|PRDX5_HUMAN",0.980569515583522
"sp|Q13616|CUL1_HUMAN",0.969008440439043
"sp|O00408|PDE2A_HUMAN",0.969008440439043
"sp|Q14982|OPCM_HUMAN",0.969008440439043
"sp|P11234|RALB_HUMAN",0.969008440439043
"sp|P61026|RAB10_HUMAN",0.969008440439043
"sp|Q16653|MOG_HUMAN",0.969008440439043
"sp|Q9BY67|CADM1_HUMAN",0.969008440439043
"sp|P30050|RL12_HUMAN",0.969008440439043
"sp|P62942|FKB1A_HUMAN",0.969008440439043
"sp|Q9UL25|RAB21_HUMAN",0.969008440439043
"sp|P62070|RRAS2_HUMAN",0.97946056117681
"sp|Q9Y277|VDAC3_HUMAN",0.969008440439043
"sp|Q04609-6|FOLH1_HUMAN",0.969008440439043
"sp|P07602|SAP_HUMAN",0.969008440439043
"sp|O95336|6PGL_HUMAN",0.969008440439043
"sp|P07203|GPX1_HUMAN",0.969008440439043
"sp|P00338|LDHA_HUMAN",0.969008440439043
"sp|Q8TB36|GDAP1_HUMAN",0.969008440439043
"sp|P62269|RS18_HUMAN",0.969008440439043
"sp|Q9NYU2|UGGG1_HUMAN",0.969008440439043
"sp|P36957-2|ODO2_HUMAN",0.969008440439043
"sp|Q13596|SNX1_HUMAN",0.984675989238162
"sp|Q9H9B4|SFXN1_HUMAN",0.989602629894665
"sp|P67870|CSK2B_HUMAN",0.969008440439043
"sp|P39019|RS19_HUMAN",0.969008440439043
"sp|O00303|EIF3F_HUMAN",0.969008440439043
"sp|P53999|TCP4_HUMAN",0.969008440439043
"sp|Q9Y4E8|UBP15_HUMAN",0.969008440439043
"sp|P14867|GBRA1_HUMAN",0.969008440439043
"sp|P49748|ACADV_HUMAN",0.969008440439043
"sp|Q14318-2|FKBP8_HUMAN",0.969008440439043
"sp|O00330|ODPX_HUMAN",0.972163614999989
"sp|Q02878|RL6_HUMAN",0.969008440439043
"sp|Q5SW79|CE170_HUMAN",0.969008440439043
"sp|Q13617|CUL2_HUMAN",0.969008440439043
"sp|Q8N163|CCAR2_HUMAN",0.969008440439043
"sp|P28330|ACADL_HUMAN",0.969008440439043
"sp|Q9Y6I3|EPN1_HUMAN",0.993380849432912
"sp|Q9NV70|EXOC1_HUMAN",0.969008440439043
"sp|O43617|TPPC3_HUMAN",0.969008440439043
"sp|Q9UJU6|DBNL_HUMAN",0.969008440439043
"sp|O75899|GABR2_HUMAN",0.969008440439043
"sp|O14531|DPYL4_HUMAN",0.969008440439043
"sp|O75146|HIP1R_HUMAN",0.998997449377657
"sp|Q9NP79|VTA1_HUMAN",0.969008440439043
"sp|Q969P0|IGSF8_HUMAN",0.969008440439043
"sp|Q00325-2|MPCP_HUMAN",0.969008440439043
"sp|Q9BWD1|THIC_HUMAN",0.969008440439043
"sp|Q96FE5|LIGO1_HUMAN",0.97946056117681
"sp|Q01064|PDE1B_HUMAN",0.998997449377657
"sp|Q9BR76|COR1B_HUMAN",0.969008440439043
"sp|P53680|AP2S1_HUMAN",0.970311829140686
"sp|Q9Y570|PPME1_HUMAN",0.969008440439043
"sp|Q13825|AUHM_HUMAN",0.969008440439043
"sp|Q9HCY8|S10AE_HUMAN",0.969008440439043
"sp|Q9H0Q0|FA49A_HUMAN",0.969008440439043
"sp|P83731|RL24_HUMAN",0.969008440439043
"sp|P13611|CSPG2_HUMAN",0.969008440439043
"sp|P41594|GRM5_HUMAN",0.97946056117681
"sp|P20700|LMNB1_HUMAN",0.969008440439043
"sp|Q8N142|PURA1_HUMAN",0.969008440439043
"sp|Q09028|RBBP4_HUMAN",0.969008440439043
"sp|P43487|RANG_HUMAN",0.969008440439043
"sp|Q16720|AT2B3_HUMAN",0.969008440439043
"sp|P49915|GUAA_HUMAN",0.969008440439043
"sp|O14787-2|TNPO2_HUMAN",0.969008440439043
"sp|O95989|NUDT3_HUMAN",0.969008440439043
"sp|O94985-2|CSTN1_HUMAN",0.969008440439043
"sp|P17655|CAN2_HUMAN",0.969008440439043
"sp|Q9Y2B0|CNPY2_HUMAN",0.969008440439043
"sp|O15126|SCAM1_HUMAN",0.969008440439043
"sp|P48454|PP2BC_HUMAN",0.969008440439043
"sp|Q15286|RAB35_HUMAN",0.969008440439043
"sp|P45985|MP2K4_HUMAN",0.980569515583522
"sp|Q8TDQ7|GNPI2_HUMAN",0.969008440439043
"sp|P02686|MBP_HUMAN",0.969008440439043
"sp|Q96C19|EFHD2_HUMAN",0.969008440439043
"sp|P55327-6|TPD52_HUMAN",0.969008440439043
"sp|P36969|GPX4_HUMAN",0.969008440439043
"sp|Q9UNW9|NOVA2_HUMAN",0.969008440439043
"sp|Q9UMY4|SNX12_HUMAN",0.969008440439043
"sp|Q86UX7|URP2_HUMAN",0.969008440439043
"sp|O15400|STX7_HUMAN",0.969008440439043
"sp|O14910|LIN7A_HUMAN",0.969008440439043
"sp|Q92796|DLG3_HUMAN",0.980677708605499
"sp|O60716|CTND1_HUMAN",0.969008440439043
"sp|Q15382|RHEB_HUMAN",0.969008440439043
"sp|O95861|BPNT1_HUMAN",0.969008440439043
"sp|Q96P70|IPO9_HUMAN",0.969008440439043
"sp|Q684P5|RPGP2_HUMAN",0.969008440439043
"sp|Q8WXF1|PSPC1_HUMAN",0.969008440439043
"sp|P12004|PCNA_HUMAN",0.969008440439043
"sp|Q9Y2J8|PADI2_HUMAN",0.969008440439043
"sp|O15371|EIF3D_HUMAN",0.97946056117681
"sp|P09525|ANXA4_HUMAN",0.969008440439043
"sp|Q8N5V2|NGEF_HUMAN",0.984675989238162
"sp|Q15370|ELOB_HUMAN",0.969008440439043
"sp|O43765|SGTA_HUMAN",0.969008440439043
"sp|P05413|FABPH_HUMAN",0.969008440439043
"sp|P62906|RL10A_HUMAN",0.969008440439043
"sp|Q9NS86|LANC2_HUMAN",0.969008440439043
"sp|P51991|ROA3_HUMAN",0.969008440439043
"sp|P29692-2|EF1D_HUMAN",0.969008440439043
"sp|O60256|KPRB_HUMAN",0.969008440439043
"sp|Q96GD0|PLPP_HUMAN",0.97946056117681
"sp|P18433|PTPRA_HUMAN",0.969008440439043
"sp|O75489|NDUS3_HUMAN",0.969008440439043
"sp|Q96PU8-6|QKI_HUMAN",0.969008440439043
"sp|O00505|IMA4_HUMAN",0.969008440439043
"sp|P51649|SSDH_HUMAN",0.969008440439043
"sp|O95219|SNX4_HUMAN",0.969008440439043
"sp|P49758|RGS6_HUMAN",0.97946056117681
"sp|P05166|PCCB_HUMAN",0.969008440439043
"sp|P28072|PSB6_HUMAN",0.969008440439043
"sp|P63215|GBG3_HUMAN",0.998997449377657
"sp|P62888|RL30_HUMAN",0.969008440439043
"sp|P49721|PSB2_HUMAN",0.969008440439043
"sp|P24752|THIL_HUMAN",0.969008440439043
"sp|O95057|DIRA1_HUMAN",0.969008440439043
"sp|P26640|SYVC_HUMAN",0.969008440439043
"sp|P62753|RS6_HUMAN",0.969008440439043
"sp|O75822|EIF3J_HUMAN",0.969008440439043
"sp|P27816-6|MAP4_HUMAN",0.969008440439043
"sp|Q9UDT6|CLIP2_HUMAN",0.969008440439043
"sp|Q12765|SCRN1_HUMAN",0.969008440439043
"sp|P27695|APEX1_HUMAN",0.969008440439043
"sp|Q8N461|FXL16_HUMAN",0.969008440439043
"sp|P16152|CBR1_HUMAN",0.969008440439043
"sp|P49755|TMEDA_HUMAN",0.969008440439043
"sp|P53597|SUCA_HUMAN",0.969008440439043
"sp|P39656|OST48_HUMAN",0.969008440439043
"sp|O95670|VATG2_HUMAN",0.969008440439043
"sp|P15311|EZRI_HUMAN",0.969008440439043
"sp|O15217|GSTA4_HUMAN",0.969008440439043
"sp|P00491|PNPH_HUMAN",0.969008440439043
"sp|P62280|RS11_HUMAN",0.969008440439043
"sp|P05387|RLA2_HUMAN",0.969008440439043
"sp|P61601|NCALD_HUMAN",0.969008440439043
"sp|P09496|CLCA_HUMAN",0.969008440439043
"sp|Q9Y5L4|TIM13_HUMAN",0.969008440439043
"sp|Q6PUV4|CPLX2_HUMAN",0.969008440439043
"sp|P21964|COMT_HUMAN",0.969008440439043
"sp|P80723|BASP1_HUMAN",0.969008440439043
"sp|Q6IQ22|RAB12_HUMAN",0.969008440439043
"sp|Q05329|DCE2_HUMAN",0.969008440439043
"sp|P43155|CACP_HUMAN",0.969008440439043
"sp|Q9Y4W6|AFG32_HUMAN",0.969008440439043
"sp|Q9UHG2|PCSK1_HUMAN",0.969008440439043
"sp|Q99961|SH3G1_HUMAN",0.969008440439043
"sp|O75947|ATP5H_HUMAN",0.969008440439043
"sp|O14964|HGS_HUMAN",0.983389139983916
"sp|P38159|RBMX_HUMAN",0.969008440439043
"sp|Q14289|FAK2_HUMAN",0.969008440439043
"sp|P78352|DLG4_HUMAN",0.969008440439043
"sp|Q9P265|DIP2B_HUMAN",0.969008440439043
"sp|Q17R89|RHG44_HUMAN",0.969008440439043
"sp|P62745|RHOB_HUMAN",0.980569515583522
"sp|O60684|IMA7_HUMAN",0.969008440439043
"sp|Q9NRY4|RHG35_HUMAN",0.969008440439043
"sp|P01024|CO3_HUMAN",0.969008440439043
"sp|P35573|GDE_HUMAN",0.969008440439043
"sp|P08574|CY1_HUMAN",0.998997449377657
"sp|Q9NZL9|MAT2B_HUMAN",0.969008440439043
"sp|P02511|CRYAB_HUMAN",0.969008440439043
"sp|O75323|NIPS2_HUMAN",0.97946056117681
"sp|Q9BPX5|ARP5L_HUMAN",0.969008440439043
"sp|Q07020|RL18_HUMAN",0.969008440439043
"sp|Q16762|THTR_HUMAN",0.969008440439043
"sp|P62081|RS7_HUMAN",0.969008440439043
"sp|Q9BYT8|NEUL_HUMAN",0.980569515583522
"sp|O14994|SYN3_HUMAN",0.969008440439043
"sp|Q13153|PAK1_HUMAN",0.969008440439043
"sp|P40429|RL13A_HUMAN",0.969008440439043
"sp|O75340|PDCD6_HUMAN",0.969008440439043
"sp|P56192|SYMC_HUMAN",0.969008440439043
"sp|O95372|LYPA2_HUMAN",0.969008440439043
"sp|P04844|RPN2_HUMAN",0.969008440439043
"sp|Q8WVM8|SCFD1_HUMAN",0.969008440439043
"sp|Q15223|NECT1_HUMAN",0.969008440439043
"sp|P18621|RL17_HUMAN",0.969008440439043
"sp|P39687|AN32A_HUMAN",0.969008440439043
"sp|P20339|RAB5A_HUMAN",0.969008440439043
"sp|Q9NRW7|VPS45_HUMAN",0.969008440439043
"sp|P29966|MARCS_HUMAN",0.969008440439043
"sp|P46782|RS5_HUMAN",0.969008440439043
"sp|Q04637-3|IF4G1_HUMAN",0.969008440439043
"sp|Q99471|PFD5_HUMAN",0.969008440439043
"sp|P31937|3HIDH_HUMAN",0.969008440439043
"sp|Q96QR8|PURB_HUMAN",0.969008440439043
"sp|O95319|CELF2_HUMAN",0.969008440439043
"sp|P62750|RL23A_HUMAN",0.969008440439043
"sp|Q8IWB7|WDFY1_HUMAN",0.969008440439043
"sp|P27635|RL10_HUMAN",0.969008440439043
"sp|Q9UIJ7|KAD3_HUMAN",0.969008440439043
"sp|Q9H832|UBE2Z_HUMAN",0.969008440439043
"sp|Q6ZMI0|PPR21_HUMAN",0.969008440439043
"sp|P27338|AOFB_HUMAN",0.969008440439043
"sp|P61020|RAB5B_HUMAN",0.969008440439043
"sp|Q9Y262|EIF3L_HUMAN",0.969008440439043
"sp|P30520|PURA2_HUMAN",0.969008440439043
"sp|Q02543|RL18A_HUMAN",0.969008440439043
"sp|P49720|PSB3_HUMAN",0.969008440439043
"sp|Q9NTJ5|SAC1_HUMAN",0.969008440439043
"sp|P47897|SYQ_HUMAN",0.969008440439043
"sp|Q5SYC1|CLVS2_HUMAN",0.969008440439043
"sp|Q96P47|AGAP3_HUMAN",0.969008440439043
"sp|P11166|GTR1_HUMAN",0.97946056117681
"sp|O14744|ANM5_HUMAN",0.969008440439043
"sp|Q15233|NONO_HUMAN",0.969008440439043
"sp|O43583|DENR_HUMAN",0.969008440439043
"sp|P52597|HNRPF_HUMAN",0.969008440439043
"sp|P55039|DRG2_HUMAN",0.969008440439043
"sp|P13645|K1C10_HUMAN",0.980569515583522
"sp|O15372|EIF3H_HUMAN",0.969008440439043
"sp|O43813|LANC1_HUMAN",0.969008440439043
"sp|Q9Y281|COF2_HUMAN",0.980569515583522
"sp|Q96F85|CNRP1_HUMAN",0.969008440439043
"sp|O15498|YKT6_HUMAN",0.969008440439043
"sp|Q86Y82|STX12_HUMAN",0.969008440439043
"sp|O94760|DDAH1_HUMAN",0.969008440439043
"sp|Q15363|TMED2_HUMAN",0.969008440439043
"sp|P04083|ANXA1_HUMAN",0.969008440439043
"sp|Q14247|SRC8_HUMAN",0.969008440439043
"sp|Q96KP1|EXOC2_HUMAN",0.969008440439043
"sp|P06454|PTMA_HUMAN",0.969008440439043
"sp|Q14019|COTL1_HUMAN",0.969008440439043
"sp|Q15631|TSN_HUMAN",0.969008440439043
"sp|O60331|PI51C_HUMAN",0.969008440439043
"sp|P61225|RAP2B_HUMAN",0.975144239813485
"sp|P51572|BAP31_HUMAN",0.969008440439043
"sp|Q9NZ94|NLGN3_HUMAN",0.969008440439043
"sp|P17858|PFKAL_HUMAN",0.969008440439043
"sp|Q96AE4|FUBP1_HUMAN",0.969008440439043
"sp|Q13347|EIF3I_HUMAN",0.969008440439043
"sp|Q9Y6B6|SAR1B_HUMAN",0.969008440439043
"sp|P30041|PRDX6_HUMAN",0.969008440439043
"sp|P22695|QCR2_HUMAN",0.969008440439043
"sp|Q9ULC4|MCTS1_HUMAN",0.969008440439043
"sp|Q9UJW0|DCTN4_HUMAN",0.969008440439043
"sp|Q99259|DCE1_HUMAN",0.969008440439043
"sp|P12955|PEPD_HUMAN",0.969008440439043
"sp|P62277|RS13_HUMAN",0.969008440439043
"sp|P62851|RS25_HUMAN",0.969008440439043
"sp|P13929|ENOB_HUMAN",0.969008440439043
"sp|P55084|ECHB_HUMAN",0.969008440439043
"sp|Q9Y3A3|PHOCN_HUMAN",0.97946056117681
"sp|P50897|PPT1_HUMAN",0.969008440439043
"sp|P0DPI2|GAL3A_HUMAN",0.969008440439043
"sp|Q7L1I2|SV2B_HUMAN",0.97946056117681
"sp|P30038|AL4A1_HUMAN",0.969008440439043
"sp|Q96AG4|LRC59_HUMAN",0.969008440439043
"sp|Q9NZ01|TECR_HUMAN",0.969008440439043
"sp|P54136|SYRC_HUMAN",0.969008440439043
"sp|Q12905|ILF2_HUMAN",0.969008440439043
"sp|P21266|GSTM3_HUMAN",0.969008440439043
"sp|O95747|OXSR1_HUMAN",0.969008440439043
"sp|P62263|RS14_HUMAN",0.969008440439043
"sp|Q9BXW6|OSBL1_HUMAN",0.97946056117681
"sp|Q9UBF2|COPG2_HUMAN",0.969008440439043
"sp|Q96KP4|CNDP2_HUMAN",0.969008440439043
"sp|Q15435|PP1R7_HUMAN",0.969008440439043
"sp|P02042|HBD_HUMAN",0.969008440439043
"sp|P52907|CAZA1_HUMAN",0.969008440439043
"sp|Q9UGV2|NDRG3_HUMAN",0.970806762592268
"sp|O60547|GMDS_HUMAN",0.969008440439043
"sp|Q9H845|ACAD9_HUMAN",0.969008440439043
"sp|Q9BUL8|PDC10_HUMAN",0.969008440439043
"sp|P20340-2|RAB6A_HUMAN",0.969008440439043
"sp|Q6PIU2|NCEH1_HUMAN",0.969008440439043
"sp|P19623|SPEE_HUMAN",0.969008440439043
"sp|O94811|TPPP_HUMAN",0.969008440439043
"sp|Q8N9I0|SYT2_HUMAN",0.980569515583522
"sp|Q3ZCW2|LEGL_HUMAN",0.984675989238162
"sp|E9PAV3|NACAM_HUMAN",0.969008440439043
"sp|P25685|DNJB1_HUMAN",0.969008440439043
"sp|P23515|OMGP_HUMAN",0.969008440439043
"sp|Q00688|FKBP3_HUMAN",0.969008440439043
"sp|O76041-2|NEBL_HUMAN",0.969008440439043
"sp|P49840|GSK3A_HUMAN",0.980569515583522
"sp|P62829|RL23_HUMAN",0.969008440439043
"sp|P07437|TBB5_HUMAN",0.969008440439043
"sp|Q96E17|RAB3C_HUMAN",0.969008440439043
"sp|P62330|ARF6_HUMAN",0.969008440439043
"sp|O60220|TIM8A_HUMAN",0.980569515583522
"sp|Q9UFN0|NPS3A_HUMAN",0.969008440439043
"sp|Q99757|THIOM_HUMAN",0.969008440439043
"sp|P61970|NTF2_HUMAN",0.969008440439043
"sp|O43761|SNG3_HUMAN",0.969008440439043
"sp|O14737|PDCD5_HUMAN",0.969008440439043
"sp|O75436|VP26A_HUMAN",0.969008440439043
"sp|Q9UL46|PSME2_HUMAN",0.969008440439043
"sp|P12036|NFH_HUMAN",0.969008440439043
"sp|Q9NZD2|GLTP_HUMAN",0.991176272939132
"sp|P04792|HSPB1_HUMAN",0.969008440439043
"sp|Q5VYK3|ECM29_HUMAN",0.969008440439043
"sp|Q96PE3|INP4A_HUMAN",0.969008440439043
"sp|P05556|ITB1_HUMAN",0.969008440439043
"sp|P60228|EIF3E_HUMAN",0.969008440439043
"sp|Q9UHD9|UBQL2_HUMAN",0.969008440439043
"sp|P60520|GBRL2_HUMAN",0.969008440439043
"sp|Q96HN2|SAHH3_HUMAN",0.969008440439043
"sp|O00533|NCHL1_HUMAN",0.969008440439043
"sp|Q14103|HNRPD_HUMAN",0.969008440439043
"sp|P14866|HNRPL_HUMAN",0.969008440439043
"sp|Q8WUY1|THEM6_HUMAN",0.969008440439043
"sp|O43236-3|SEPT4_HUMAN",0.969008440439043
"sp|Q99714|HCD2_HUMAN",0.969008440439043
"sp|Q16864|VATF_HUMAN",0.969008440439043
"sp|P50914|RL14_HUMAN",0.969008440439043
"sp|Q9UN86|G3BP2_HUMAN",0.969008440439043
"sp|P55263|ADK_HUMAN",0.969008440439043
"sp|Q13418|ILK_HUMAN",0.969008440439043
"sp|Q9UBQ0|VPS29_HUMAN",0.969008440439043
"sp|O43150|ASAP2_HUMAN",0.993380849432912
"sp|Q13442|HAP28_HUMAN",0.969008440439043
"sp|P51693|APLP1_HUMAN",0.969008440439043
"sp|Q9H0R4|HDHD2_HUMAN",0.969008440439043
"sp|P52790|HXK3_HUMAN",0.969008440439043
"sp|Q92696|PGTA_HUMAN",0.969008440439043
"sp|P26885|FKBP2_HUMAN",0.969008440439043
"sp|P84085|ARF5_HUMAN",0.969008440439043
"sp|P27144|KAD4_HUMAN",0.969008440439043
"sp|P04181|OAT_HUMAN",0.969008440439043
"sp|P61313|RL15_HUMAN",0.969008440439043
"sp|P24534|EF1B_HUMAN",0.969008440439043
"sp|Q15369|ELOC_HUMAN",0.969008440439043
"sp|P62910|RL32_HUMAN",0.969008440439043
"sp|P19404|NDUV2_HUMAN",0.972163614999989
"sp|Q96GK7|FAH2A_HUMAN",0.969008440439043
"sp|Q13555|KCC2G_HUMAN",0.969008440439043
"sp|Q9UHC6|CNTP2_HUMAN",0.984675989238162
"sp|Q4G0N4|NAKD2_HUMAN",0.969008440439043
"sp|Q14CZ8|HECAM_HUMAN",0.969008440439043
"sp|O43768-9|ENSA_HUMAN",0.969008440439043
"sp|Q9P035|HACD3_HUMAN",0.969008440439043
"sp|Q16698|DECR_HUMAN",0.969008440439043
"sp|P51648|AL3A2_HUMAN",0.969008440439043
"sp|C9JRZ8|AK1BF_HUMAN",0.969008440439043
"sp|Q16401|PSMD5_HUMAN",0.969008440439043
"sp|P22234|PUR6_HUMAN",0.969008440439043
"sp|A0AVT1|UBA6_HUMAN",0.969008440439043
"sp|P61353|RL27_HUMAN",0.969008440439043
"sp|Q8TBC4|UBA3_HUMAN",0.969008440439043
"sp|Q9H0E2|TOLIP_HUMAN",0.969008440439043
"sp|Q15046|SYK_HUMAN",0.969008440439043
"sp|Q9GZZ9|UBA5_HUMAN",0.969008440439043
"sp|Q9H444|CHM4B_HUMAN",0.969008440439043
"sp|P15374|UCHL3_HUMAN",0.969008440439043
"sp|O43505|B4GA1_HUMAN",0.969008440439043
"sp|P26373|RL13_HUMAN",0.969008440439043
"sp|P63162|RSMN_HUMAN",0.969008440439043
"sp|Q7Z2D5|PLPR4_HUMAN",0.969008440439043
"sp|P50454|SERPH_HUMAN",0.969008440439043
"sp|Q12974|TP4A2_HUMAN",0.969008440439043
"sp|Q9Y371|SHLB1_HUMAN",0.969008440439043
"sp|O75508|CLD11_HUMAN",0.969008440439043
"sp|P36959|GMPR1_HUMAN",0.969008440439043
"sp|Q9NR45|SIAS_HUMAN",0.969008440439043
"sp|P61254|RL26_HUMAN",0.969008440439043
"sp|Q7Z3B1|NEGR1_HUMAN",0.969008440439043
"sp|Q92882|OSTF1_HUMAN",0.969008440439043
"sp|P57088|TMM33_HUMAN",0.969008440439043
"sp|Q7KZI7|MARK2_HUMAN",0.99210811379941
"sp|P48506|GSH1_HUMAN",0.969008440439043
"sp|Q9NZL4-3|HPBP1_HUMAN",0.969008440439043
"sp|Q13620|CUL4B_HUMAN",0.969008440439043
"sp|O15511|ARPC5_HUMAN",0.969008440439043
"sp|P35637|FUS_HUMAN",0.969008440439043
"sp|Q9Y4C0-4|NRX3A_HUMAN",0.969008440439043
"sp|P30040|ERP29_HUMAN",0.969008440439043
"sp|P27361|MK03_HUMAN",0.969008440439043
"sp|Q15102|PA1B3_HUMAN",0.969008440439043
"sp|Q92597|NDRG1_HUMAN",0.969008440439043
"sp|O00487|PSDE_HUMAN",0.969008440439043
"sp|P49207|RL34_HUMAN",0.969008440439043
"sp|Q14344|GNA13_HUMAN",0.969008440439043
"sp|Q99963|SH3G3_HUMAN",0.969008440439043
"sp|P20916|MAG_HUMAN",0.969008440439043
"sp|Q9ULR3|PPM1H_HUMAN",0.969008440439043
"sp|P20042|IF2B_HUMAN",0.969008440439043
"sp|P20337|RAB3B_HUMAN",0.969008440439043
"sp|Q9Y285|SYFA_HUMAN",0.969008440439043
"sp|Q9UQ10|DHDH_HUMAN",0.969008440439043
"sp|P62913|RL11_HUMAN",0.969008440439043
"sp|Q8N1B4|VPS52_HUMAN",0.969008440439043
"sp|P04179-4|SODM_HUMAN",0.969008440439043
"sp|Q9H492|MLP3A_HUMAN",0.969008440439043
"sp|P21291|CSRP1_HUMAN",0.969008440439043
"sp|P46977|STT3A_HUMAN",0.969008440439043
"sp|Q86VS8|HOOK3_HUMAN",0.969008440439043
"sp|P36507|MP2K2_HUMAN",0.969008440439043
"sp|Q86SZ2|TPC6B_HUMAN",0.969008440439043
"sp|Q9Y5K5|UCHL5_HUMAN",0.969008440439043
"sp|P52566|GDIR2_HUMAN",0.969008440439043
"sp|P78310|CXAR_HUMAN",0.969008440439043
"sp|Q9NQR4|NIT2_HUMAN",0.969008440439043
"sp|Q9NRY5|F1142_HUMAN",0.969008440439043
"sp|P50995|ANX11_HUMAN",0.969008440439043
"sp|Q9UBE0|SAE1_HUMAN",0.969008440439043
"sp|Q13907-2|IDI1_HUMAN",0.969008440439043
"sp|O75844|FACE1_HUMAN",0.969008440439043
"sp|Q9NP97|DLRB1_HUMAN",0.980569515583522
"sp|P48426|PI42A_HUMAN",0.969008440439043
"sp|Q13303|KCAB2_HUMAN",0.969008440439043
"sp|Q9H223|EHD4_HUMAN",0.969008440439043
"sp|Q9NT62|ATG3_HUMAN",0.969008440439043
"sp|P40121|CAPG_HUMAN",0.969008440439043
"sp|Q68D91|MBLC2_HUMAN",0.969008440439043
"sp|Q9H3Z4|DNJC5_HUMAN",0.969008440439043
"sp|P01116-2|RASK_HUMAN",0.969008440439043
"sp|Q9BVK6|TMED9_HUMAN",0.969008440439043
"sp|P18507|GBRG2_HUMAN",0.970311829140686
"sp|P55735|SEC13_HUMAN",0.969008440439043
"sp|Q13867|BLMH_HUMAN",0.969008440439043
"sp|P61077|UB2D3_HUMAN",0.970806762592268
"sp|O75368|SH3L1_HUMAN",0.969008440439043
"sp|P30049|ATPD_HUMAN",0.969008440439043
"sp|Q9H2G2|SLK_HUMAN",0.991176272939132
"sp|Q6P3W7|SCYL2_HUMAN",0.969008440439043
"sp|Q96K17|BT3L4_HUMAN",0.969008440439043
"sp|Q9Y2Z0|SGT1_HUMAN",0.969008440439043
"sp|P36542|ATPG_HUMAN",0.969008440439043
"sp|Q13885|TBB2A_HUMAN",0.984675989238162
"sp|P08708|RS17_HUMAN",0.969008440439043
"sp|P62136|PP1A_HUMAN",0.969008440439043
"sp|Q9P2E9|RRBP1_HUMAN",0.969008440439043
"sp|P25686|DNJB2_HUMAN",0.969008440439043
"sp|P15090|FABP4_HUMAN",0.969008440439043
"sp|Q9UHD1|CHRD1_HUMAN",0.969008440439043
"sp|Q8IUD2-2|RB6I2_HUMAN",0.969008440439043
"sp|Q13162|PRDX4_HUMAN",0.969008440439043
"sp|P46778|RL21_HUMAN",0.969008440439043
"sp|Q96HE7|ERO1A_HUMAN",0.969008440439043
"sp|Q16881|TRXR1_HUMAN",0.969008440439043
"sp|O14561|ACPM_HUMAN",0.969008440439043
"sp|Q86TX2|ACOT1_HUMAN",0.969008440439043
"sp|O14807|RASM_HUMAN",0.969008440439043
"sp|Q9H008|LHPP_HUMAN",0.978091179895567
"sp|O60831|PRAF2_HUMAN",0.969008440439043
"sp|P62166|NCS1_HUMAN",0.969008440439043
"sp|P06730|IF4E_HUMAN",0.969008440439043
"sp|Q8IZP0|ABI1_HUMAN",0.991176272939132
"sp|Q13085|ACACA_HUMAN",0.969008440439043
"sp|Q99436|PSB7_HUMAN",0.969008440439043
"sp|P20338|RAB4A_HUMAN",0.969008440439043
"sp|P21695|GPDA_HUMAN",0.984675989238162
"sp|P36551|HEM6_HUMAN",0.970806762592268
"sp|Q00013|EM55_HUMAN",0.969008440439043
"sp|Q9BX68|HINT2_HUMAN",0.969008440439043
"sp|P52943-2|CRIP2_HUMAN",0.998196330898642
"sp|O95573|ACSL3_HUMAN",0.969008440439043
"sp|Q9NYI0|PSD3_HUMAN",0.969008440439043
"sp|O76003|GLRX3_HUMAN",0.969008440439043
"sp|Q9BV23|ABHD6_HUMAN",0.969008440439043
"sp|O95197-3|RTN3_HUMAN",0.969008440439043
"sp|Q9Y305|ACOT9_HUMAN",0.969008440439043
"sp|O95571|ETHE1_HUMAN",0.969008440439043
"sp|Q9Y333|LSM2_HUMAN",0.969008440439043
"sp|O14828|SCAM3_HUMAN",0.969008440439043
"sp|P30519|HMOX2_HUMAN",0.969008440439043
"sp|O94905|ERLN2_HUMAN",0.969008440439043
"sp|P08754|GNAI3_HUMAN",0.969008440439043
"sp|P27816-3|MAP4_HUMAN",0.969008440439043
"sp|Q9H299|SH3L3_HUMAN",0.969008440439043
"sp|P60880-2|SNP25_HUMAN",0.969008440439043
"sp|Q9H0U4|RAB1B_HUMAN",0.969008440439043
"sp|O14556|G3PT_HUMAN",0.969008440439043
"sp|O15260|SURF4_HUMAN",0.969008440439043
"sp|Q6UWR7|ENPP6_HUMAN",0.969008440439043
"sp|P23297|S10A1_HUMAN",0.969008440439043
"sp|O60739|EIF1B_HUMAN",0.969008440439043
"sp|Q96MZ0|GD1L1_HUMAN",0.969008440439043
"sp|P63220|RS21_HUMAN",0.969008440439043
"sp|P09382|LEG1_HUMAN",0.969008440439043
"sp|Q9UKK9|NUDT5_HUMAN",0.969008440439043
"sp|Q9UHV9|PFD2_HUMAN",0.969008440439043
"sp|Q00796|DHSO_HUMAN",0.969008440439043
"sp|P20962|PTMS_HUMAN",0.969008440439043
"sp|Q8N3F0|MTURN_HUMAN",0.969008440439043
"sp|P61960|UFM1_HUMAN",0.969008440439043
"sp|P60468|SC61B_HUMAN",0.969008440439043
"sp|P50150|GBG4_HUMAN",0.969008440439043
"sp|P48539|PCP4_HUMAN",0.969008440439043
"sp|O43759|SNG1_HUMAN",0.969008440439043
"sp|O14735|CDIPT_HUMAN",0.969008440439043
"sp|P29992|GNA11_HUMAN",0.969008440439043
"sp|Q9UBP4|DKK3_HUMAN",0.969008440439043
"sp|Q86SX6|GLRX5_HUMAN",0.969008440439043
"sp|O75569|PRKRA_HUMAN",0.969008440439043
"sp|O75935|DCTN3_HUMAN",0.969008440439043
"sp|Q8IW45|NNRD_HUMAN",0.980569515583522
"sp|Q8WUW1|BRK1_HUMAN",0.969008440439043
"sp|Q9P1F3|ABRAL_HUMAN",0.969008440439043
"sp|Q14832|GRM3_HUMAN",0.969008440439043
"sp|Q02818|NUCB1_HUMAN",0.969008440439043
"sp|O60262|GBG7_HUMAN",0.969008440439043
"sp|P02649|APOE_HUMAN",0.969008440439043
"sp|P16403|H12_HUMAN",0.969008440439043
"sp|Q14894|CRYM_HUMAN",0.969008440439043
"sp|Q9H598|VIAAT_HUMAN",0.969008440439043
"sp|Q96FJ2|DYL2_HUMAN",0.969008440439043
"sp|P14314|GLU2B_HUMAN",0.969008440439043
"sp|O75962|TRIO_HUMAN",0.973968895080608
"sp|Q8WZA0|LZIC_HUMAN",0.969008440439043
"sp|Q969X5|ERGI1_HUMAN",0.969008440439043
"sp|Q8NC96|NECP1_HUMAN",0.969008440439043
"sp|P43243|MATR3_HUMAN",0.969008440439043
"sp|Q9Y5X3|SNX5_HUMAN",0.969008440439043
"sp|Q6PI78|TMM65_HUMAN",0.969008440439043
"sp|P18085|ARF4_HUMAN",0.969008440439043
"sp|Q9NUP9|LIN7C_HUMAN",0.969008440439043
"sp|P17931|LEG3_HUMAN",0.969008440439043
"sp|Q86WA6|BPHL_HUMAN",0.969008440439043
"sp|Q7L2H7|EIF3M_HUMAN",0.969008440439043
"sp|Q99829|CPNE1_HUMAN",0.969008440439043
"sp|Q13033|STRN3_HUMAN",0.969008440439043
"sp|Q86X76-4|NIT1_HUMAN",0.969008440439043
"sp|Q5T5C0|STXB5_HUMAN",0.969008440439043
"sp|Q9Y3D6|FIS1_HUMAN",0.969008440439043
"sp|P02794|FRIH_HUMAN",0.969008440439043
"sp|Q9UBB4|ATX10_HUMAN",0.969008440439043
"sp|Q9UPR0|PLCL2_HUMAN",0.969008440439043
"sp|Q9NQ86|TRI36_HUMAN",0.969008440439043
"sp|P31939|PUR9_HUMAN",0.969008440439043
"sp|Q5T848|GP158_HUMAN",0.969008440439043
"sp|Q99816|TS101_HUMAN",0.969008440439043
"sp|P14854|CX6B1_HUMAN",0.998196330898642
"sp|Q8WUH6|TM263_HUMAN",0.969008440439043
"sp|P08247|SYPH_HUMAN",0.969008440439043
"sp|Q01469|FABP5_HUMAN",0.969008440439043
"sp|Q8IXS6|PALM2_HUMAN",0.969008440439043
"sp|Q9H1K1|ISCU_HUMAN",0.969008440439043
"sp|Q15819|UB2V2_HUMAN",0.969008440439043
"sp|Q04446|GLGB_HUMAN",0.969008440439043
"sp|P20674|COX5A_HUMAN",0.995822979091221
"sp|Q9Y6A2|CP46A_HUMAN",0.969008440439043
"sp|O15212|PFD6_HUMAN",0.969008440439043
"sp|Q9BZZ5|API5_HUMAN",0.969008440439043
"sp|Q12907|LMAN2_HUMAN",0.969008440439043
"sp|Q96EQ0|SGTB_HUMAN",0.969008440439043
"sp|P22307|NLTP_HUMAN",0.969008440439043
"sp|O75506|HSBP1_HUMAN",0.969008440439043
"sp|P46109|CRKL_HUMAN",0.969008440439043
"sp|P00167|CYB5_HUMAN",0.969008440439043
"sp|P07858|CATB_HUMAN",0.969008440439043
"sp|Q9Y6C9|MTCH2_HUMAN",0.969008440439043
"sp|P62847-4|RS24_HUMAN",0.969008440439043
"sp|Q16134|ETFD_HUMAN",0.969008440439043
"sp|P62857|RS28_HUMAN",0.969008440439043
"sp|Q92890|UFD1_HUMAN",0.969008440439043
"sp|Q9GZM8|NDEL1_HUMAN",0.969008440439043
"sp|P14735|IDE_HUMAN",0.969008440439043
"sp|P29144|TPP2_HUMAN",0.969008440439043
"sp|O96008|TOM40_HUMAN",0.969008440439043
"sp|P56537|IF6_HUMAN",0.969008440439043
"sp|P07099|HYEP_HUMAN",0.969008440439043
"sp|P14317|HCLS1_HUMAN",0.969008440439043
"sp|P51970|NDUA8_HUMAN",0.969008440439043
"sp|O14558|HSPB6_HUMAN",0.969008440439043
"sp|Q01844-5|EWS_HUMAN",0.969008440439043
"sp|Q9UHY1|NRBP_HUMAN",0.969008440439043
"sp|Q9Y5P6|GMPPB_HUMAN",0.969008440439043
"sp|Q7Z3J2|VP35L_HUMAN",0.969008440439043
"sp|O00483|NDUA4_HUMAN",0.970311829140686
"sp|P26378-3|ELAV4_HUMAN",0.969008440439043
"sp|P07910|HNRPC_HUMAN",0.969008440439043
"sp|Q9NPH2|INO1_HUMAN",0.969008440439043
"sp|P49902|5NTC_HUMAN",0.969008440439043
"sp|P00488|F13A_HUMAN",0.969008440439043
"sp|P46976|GLYG_HUMAN",0.969008440439043
"sp|Q96RR4|KKCC2_HUMAN",0.969008440439043
"sp|P15121|ALDR_HUMAN",0.969008440439043
"sp|P33121-3|ACSL1_HUMAN",0.969008440439043
"sp|Q9Y697|NFS1_HUMAN",0.969008440439043
"sp|Q9GZY8|MFF_HUMAN",0.969008440439043
"sp|P19022|CADH2_HUMAN",0.969008440439043
"sp|P53992|SC24C_HUMAN",0.969008440439043
"sp|P67809|YBOX1_HUMAN",0.969008440439043
"sp|P02768|ALBU_HUMAN",0.969008440439043
"sp|Q07666|KHDR1_HUMAN",0.969008440439043
"sp|Q9UJC5|SH3L2_HUMAN",0.969008440439043
"sp|Q9Y3B3|TMED7_HUMAN",0.969008440439043
"sp|P50570-3|DYN2_HUMAN",0.969008440439043
"sp|O00629|IMA3_HUMAN",0.969008440439043
"sp|P61328|FGF12_HUMAN",0.969008440439043
"sp|P10599|THIO_HUMAN",0.969008440439043
"sp|Q96A65|EXOC4_HUMAN",0.969008440439043
"sp|Q9UK41|VPS28_HUMAN",0.97946056117681
"sp|P26583|HMGB2_HUMAN",0.969008440439043
"sp|P35268|RL22_HUMAN",0.969008440439043
"sp|O00233|PSMD9_HUMAN",0.969008440439043
"sp|P46379|BAG6_HUMAN",0.969008440439043
"sp|Q99447-4|PCY2_HUMAN",0.969008440439043
"sp|Q99943|PLCA_HUMAN",0.981149972005192
"sp|Q14677|EPN4_HUMAN",0.969008440439043
"sp|O43615|TIM44_HUMAN",0.97946056117681
"sp|Q8N0W4|NLGNX_HUMAN",0.969008440439043
"sp|Q8NCW5|NNRE_HUMAN",0.969008440439043
"sp|O60645|EXOC3_HUMAN",0.969008440439043
"sp|Q9Y263|PLAP_HUMAN",0.969008440439043
"sp|P60866|RS20_HUMAN",0.969008440439043
"sp|Q9BRG1|VPS25_HUMAN",0.969008440439043
"sp|Q9P289|STK26_HUMAN",0.969008440439043
"sp|Q9GZN7|ROGDI_HUMAN",0.969008440439043
"sp|O14745|NHRF1_HUMAN",0.969008440439043
"sp|Q9P121|NTRI_HUMAN",0.969008440439043
"sp|P34949|MPI_HUMAN",0.969008440439043
"sp|P55145|MANF_HUMAN",0.969008440439043
"sp|P46776|RL27A_HUMAN",0.969008440439043
"sp|Q9UEW8|STK39_HUMAN",0.969008440439043
"sp|P12268|IMDH2_HUMAN",0.969008440439043
"sp|O95299|NDUAA_HUMAN",0.969008440439043
"sp|P15586|GNS_HUMAN",0.969008440439043
"sp|Q8IWQ3|BRSK2_HUMAN",0.969008440439043
"sp|Q04760-2|LGUL_HUMAN",0.969008440439043
"sp|P62318|SMD3_HUMAN",0.969008440439043
"sp|O95502|NPTXR_HUMAN",0.969008440439043
"sp|Q14108|SCRB2_HUMAN",0.969008440439043
"sp|Q99653|CHP1_HUMAN",0.969008440439043
"sp|O60861|GAS7_HUMAN",0.969008440439043
"sp|O75077|ADA23_HUMAN",0.969008440439043
"sp|O75037|KI21B_HUMAN",0.969008440439043
"sp|O75439|MPPB_HUMAN",0.969008440439043
"sp|Q9Y2E4|DIP2C_HUMAN",0.969008440439043
"sp|O43581-3|SYT7_HUMAN",0.969008440439043
"sp|A6NDG6|PGP_HUMAN",0.969008440439043
"sp|Q93034|CUL5_HUMAN",0.969008440439043
"sp|O95208-3|EPN2_HUMAN",0.989602629894665
"sp|O75382|TRIM3_HUMAN",0.969008440439043
"sp|P14324|FPPS_HUMAN",0.969008440439043
"sp|P42356|PI4KA_HUMAN",0.969008440439043
"sp|O14579|COPE_HUMAN",0.969008440439043
"sp|P30084|ECHM_HUMAN",0.969008440439043
"sp|Q9Y6K8|KAD5_HUMAN",0.969008440439043
"sp|Q9NX63|MIC19_HUMAN",0.97946056117681
"sp|O60245|PCDH7_HUMAN",0.969008440439043
"sp|O60869-3|EDF1_HUMAN",0.969008440439043
"sp|P61221|ABCE1_HUMAN",0.969008440439043
"sp|Q643R3|LPCT4_HUMAN",0.969008440439043
"sp|Q16778|H2B2E_HUMAN",0.969008440439043
"sp|P46783|RS10_HUMAN",0.969008440439043
"sp|P17612|KAPCA_HUMAN",0.969008440439043
"sp|P07311|ACYP1_HUMAN",0.969008440439043
"sp|P30043|BLVRB_HUMAN",0.969008440439043
"sp|P00387|NB5R3_HUMAN",0.969008440439043
"sp|P53004|BIEA_HUMAN",0.97946056117681
"sp|Q9UPA5|BSN_HUMAN",0.969008440439043
"sp|O76070|SYUG_HUMAN",0.969008440439043
"sp|Q92614|MY18A_HUMAN",0.969008440439043
"sp|P54750|PDE1A_HUMAN",0.969008440439043
"sp|Q16799|RTN1_HUMAN",0.969008440439043
"sp|Q8IWT6|LRC8A_HUMAN",0.969008440439043
"sp|Q9UMS0|NFU1_HUMAN",0.969008440439043
"sp|P62899|RL31_HUMAN",0.969008440439043
"sp|Q86VW0|SESD1_HUMAN",0.969008440439043
"sp|Q13564|ULA1_HUMAN",0.969008440439043
"sp|Q9Y6Y8|S23IP_HUMAN",0.969008440439043
"sp|Q8N608|DPP10_HUMAN",0.969008440439043
"sp|P84095|RHOG_HUMAN",0.969008440439043
"sp|Q12904-2|AIMP1_HUMAN",0.969008440439043
"sp|Q9UDY4|DNJB4_HUMAN",0.969008440439043
"sp|P53990|IST1_HUMAN",0.969008440439043
"sp|O14810|CPLX1_HUMAN",0.969008440439043
"sp|P04156|PRIO_HUMAN",0.969008440439043
"sp|Q99541|PLIN2_HUMAN",0.969008440439043
"sp|Q16795|NDUA9_HUMAN",0.980569515583522
"sp|P51570|GALK1_HUMAN",0.969008440439043
"sp|P02788|TRFL_HUMAN",0.969008440439043
"sp|Q9NY59|NSMA2_HUMAN",0.980677708605499
"sp|P55290-4|CAD13_HUMAN",0.969008440439043
"sp|P27105|STOM_HUMAN",0.969008440439043
"sp|P14618|KPYM_HUMAN",0.969008440439043
"sp|P23434|GCSH_HUMAN",0.969008440439043
"sp|Q96A23|CPNE4_HUMAN",0.981149972005192
"sp|P43007|SATT_HUMAN",0.969008440439043
"sp|Q14558|KPRA_HUMAN",0.980569515583522
"sp|O75781-2|PALM_HUMAN",0.969008440439043
"sp|P09488|GSTM1_HUMAN",0.969008440439043
"sp|P50440|GATM_HUMAN",0.969008440439043
"sp|O75608|LYPA1_HUMAN",0.969008440439043
"sp|O94819|KBTBB_HUMAN",0.97946056117681
"sp|P14174|MIF_HUMAN",0.969008440439043
"sp|P16219|ACADS_HUMAN",0.969008440439043
"sp|O75251|NDUS7_HUMAN",0.969008440439043
"sp|Q9NRN7|ADPPT_HUMAN",0.969008440439043
"sp|Q96H20|SNF8_HUMAN",0.969008440439043
"sp|Q86TP1|PRUN1_HUMAN",0.969008440439043
"sp|Q8NBF6|AVL9_HUMAN",0.969008440439043
"sp|P49903|SPS1_HUMAN",0.969008440439043
"sp|Q05193|DYN1_HUMAN",0.998997449377657
"sp|P60953|CDC42_HUMAN",0.969008440439043
"sp|P60763|RAC3_HUMAN",0.969008440439043
"sp|Q9NR31|SAR1A_HUMAN",0.969008440439043
"sp|Q99733|NP1L4_HUMAN",0.969008440439043
"sp|P50583|AP4A_HUMAN",0.969008440439043
"sp|Q6UWP2|DHR11_HUMAN",0.969008440439043
"sp|Q8TEA8|DTD1_HUMAN",0.969008440439043
"sp|Q96FQ6|S10AG_HUMAN",0.969008440439043
"sp|Q8NHP1|ARK74_HUMAN",0.969008440439043
"sp|Q7Z6L0|PRRT2_HUMAN",0.969008440439043
"sp|O95563|MPC2_HUMAN",0.980569515583522
"sp|P61803|DAD1_HUMAN",0.969008440439043
"sp|P30740|ILEU_HUMAN",0.969008440439043
"sp|Q9UM22|EPDR1_HUMAN",0.969008440439043
"sp|Q9NS69|TOM22_HUMAN",0.969008440439043
"sp|Q9C005|DPY30_HUMAN",0.969008440439043
"sp|Q99726|ZNT3_HUMAN",0.977279702864724
"sp|Q8TAC9|SCAM5_HUMAN",0.969008440439043
"sp|Q8N5M9|JAGN1_HUMAN",0.969008440439043
"sp|Q8N0U8|VKORL_HUMAN",0.969008440439043
"sp|P62314|SMD1_HUMAN",0.969008440439043
"sp|P24588|AKAP5_HUMAN",0.969008440439043
"sp|O14525|ASTN1_HUMAN",0.969008440439043
"sp|P49321|NASP_HUMAN",0.969008440439043
"sp|P11172|UMPS_HUMAN",0.969008440439043
"sp|Q8NBM8|PCYXL_HUMAN",0.969008440439043
"sp|Q2M389|WASC4_HUMAN",0.969008440439043
"sp|Q86VN1|VPS36_HUMAN",0.969008440439043
"sp|P54725|RD23A_HUMAN",0.969008440439043
"sp|Q9Y496|KIF3A_HUMAN",0.969008440439043
"sp|Q9HDC9|APMAP_HUMAN",0.969008440439043
"sp|Q9BW30|TPPP3_HUMAN",0.969008440439043
"sp|O00116|ADAS_HUMAN",0.969008440439043
"sp|Q12906|ILF3_HUMAN",0.969008440439043
"sp|Q9Y296|TPPC4_HUMAN",0.99267250159162
"sp|Q9Y4D8-5|HECD4_HUMAN",0.969008440439043
"sp|Q9NUU7|DD19A_HUMAN",0.969008440439043
"sp|Q14011-2|CIRBP_HUMAN",0.969008440439043
"sp|Q13232|NDK3_HUMAN",0.969008440439043
"sp|Q9UBQ5|EIF3K_HUMAN",0.969008440439043
"sp|Q9P2U8|VGLU2_HUMAN",0.969008440439043
"sp|Q02338|BDH_HUMAN",0.969008440439043
"sp|Q16775|GLO2_HUMAN",0.969008440439043
"sp|Q9NP90|RAB9B_HUMAN",0.969008440439043
"sp|P36404|ARL2_HUMAN",0.969008440439043
"sp|Q9BYV8|CEP41_HUMAN",0.969008440439043
"sp|P67812|SC11A_HUMAN",0.969008440439043
"sp|Q9Y6W5|WASF2_HUMAN",0.969008440439043
"sp|Q02083|NAAA_HUMAN",0.969008440439043
"sp|Q99418|CYH2_HUMAN",0.969008440439043
"sp|Q9H9H4|VP37B_HUMAN",0.969008440439043
"sp|O75689|ADAP1_HUMAN",0.969008440439043
"sp|Q70E73|RAPH1_HUMAN",0.969008440439043
"sp|P30874|SSR2_HUMAN",0.977279702864724
"sp|Q13424|SNTA1_HUMAN",0.980569515583522
"sp|Q9BQ69|MACD1_HUMAN",0.980569515583522
"sp|Q9NWV4|CZIB_HUMAN",0.969008440439043
"sp|Q9NXR7|BABA2_HUMAN",0.969008440439043
"sp|Q15276|RABE1_HUMAN",0.969008440439043
"sp|P55809-2|SCOT1_HUMAN",0.969008440439043
"sp|P08195|4F2_HUMAN",0.969008440439043
"sp|Q9NRZ7|PLCC_HUMAN",0.969008440439043
"sp|Q6P1N0|C2D1A_HUMAN",0.969008440439043
"sp|Q15714|T22D1_HUMAN",0.969008440439043
"sp|O00560|SDCB1_HUMAN",0.969008440439043
"sp|P49441|INPP_HUMAN",0.969008440439043
"sp|Q92556|ELMO1_HUMAN",0.969008440439043
"sp|P61006|RAB8A_HUMAN",0.969008440439043
"sp|Q9UL26|RB22A_HUMAN",0.969008440439043
"sp|Q7L576|CYFP1_HUMAN",0.969008440439043
"sp|Q12792|TWF1_HUMAN",0.969008440439043
"sp|P62854|RS26_HUMAN",0.969008440439043
"sp|Q3ZCQ8|TIM50_HUMAN",0.969008440439043
"sp|P13798|ACPH_HUMAN",0.969008440439043
"sp|P42677|RS27_HUMAN",0.969008440439043
"sp|P49773|HINT1_HUMAN",0.969008440439043
"sp|O95786|DDX58_HUMAN",0.969008440439043
"sp|P42167|LAP2B_HUMAN",0.969008440439043
"sp|P59780|AP3S2_HUMAN",0.984675989238162
"sp|Q9Y5S2|MRCKB_HUMAN",0.969008440439043
"sp|Q8ND76|CCNY_HUMAN",0.969008440439043
"sp|P10645|CMGA_HUMAN",0.969008440439043
"sp|Q9UPT5|EXOC7_HUMAN",0.969008440439043
"sp|Q8IXI2-7|MIRO1_HUMAN",0.969008440439043
"sp|P42574|CASP3_HUMAN",0.969008440439043
"sp|P84103|SRSF3_HUMAN",0.969008440439043
"sp|Q9HBH5|RDH14_HUMAN",0.970806762592268
"sp|O00445|SYT5_HUMAN",0.97946056117681
"sp|Q13332-5|PTPRS_HUMAN",0.969008440439043
"sp|Q05397|FAK1_HUMAN",0.969008440439043
"sp|Q14696|MESD_HUMAN",0.969008440439043
"sp|Q93045|STMN2_HUMAN",0.969008440439043
"sp|P49589-3|SYCC_HUMAN",0.969008440439043
"sp|O43390|HNRPR_HUMAN",0.969008440439043
"sp|Q9H074|PAIP1_HUMAN",0.969008440439043
"sp|O43414|ERI3_HUMAN",0.969008440439043
"sp|Q8WZA9|IRGQ_HUMAN",0.980569515583522
"sp|P63172|DYLT1_HUMAN",0.969008440439043
"sp|Q9Y5J7|TIM9_HUMAN",0.969008440439043
"sp|Q6UXD5-5|SE6L2_HUMAN",0.969008440439043
"sp|P42566|EPS15_HUMAN",0.969008440439043
"sp|P56385|ATP5I_HUMAN",0.97946056117681
"sp|P12235|ADT1_HUMAN",0.986568022597135
"sp|Q9H8Y8-2|GORS2_HUMAN",0.969008440439043
"sp|O43143|DHX15_HUMAN",0.969008440439043
"sp|Q8WXS5|CCG8_HUMAN",0.969008440439043
"sp|Q03154|ACY1_HUMAN",0.980569515583522
"sp|Q9UI08|EVL_HUMAN",0.969008440439043
"sp|P61956|SUMO2_HUMAN",0.969008440439043
"sp|P00390|GSHR_HUMAN",0.969008440439043
"sp|P21246|PTN_HUMAN",0.969008440439043
"sp|P20936|RASA1_HUMAN",0.969008440439043
"sp|Q4VC31|CCD58_HUMAN",0.969008440439043
"sp|O00764|PDXK_HUMAN",0.969008440439043
"sp|P61925|IPKA_HUMAN",0.969008440439043
"sp|Q9UBV8|PEF1_HUMAN",0.969008440439043
"sp|Q9H3H3-3|CK068_HUMAN",0.969008440439043
"sp|Q14165|MLEC_HUMAN",0.969008440439043
"sp|P05165|PCCA_HUMAN",0.969008440439043
"sp|O75821|EIF3G_HUMAN",0.983389139983916
"sp|Q9NVJ2|ARL8B_HUMAN",0.969008440439043
"sp|P48047|ATPO_HUMAN",0.995172094383379
"sp|P13473|LAMP2_HUMAN",0.969008440439043
"sp|P11233|RALA_HUMAN",0.97946056117681
"sp|Q9HC35|EMAL4_HUMAN",0.969008440439043
"sp|P25774|CATS_HUMAN",0.969008440439043
"sp|P52429|DGKE_HUMAN",0.969008440439043
"sp|Q9BTW9|TBCD_HUMAN",0.969008440439043
"sp|Q9H0F7-2|ARL6_HUMAN",0.969008440439043
"sp|P05026|AT1B1_HUMAN",0.980569515583522
"sp|O60477|BRNP1_HUMAN",0.969008440439043
"sp|Q8NBN7|RDH13_HUMAN",0.969008440439043
"sp|O43399|TPD54_HUMAN",0.969008440439043
"sp|Q13510|ASAH1_HUMAN",0.969008440439043
"sp|Q9BWM7|SFXN3_HUMAN",0.969008440439043
"sp|A1Z1Q3|MACD2_HUMAN",0.969008440439043
"sp|P49585|PCY1A_HUMAN",0.969008440439043
"sp|Q9NZZ3|CHMP5_HUMAN",0.969008440439043
"sp|P51571|SSRD_HUMAN",0.969008440439043
"sp|Q8NBU5|ATAD1_HUMAN",0.969008440439043
"sp|Q8TF72|SHRM3_HUMAN",0.969008440439043
"sp|O43670|ZN207_HUMAN",0.969008440439043
"sp|Q9H0B6|KLC2_HUMAN",0.969008440439043
"sp|Q16774|KGUA_HUMAN",0.969008440439043
"sp|Q6P996-5|PDXD1_HUMAN",0.969008440439043
"sp|O95674|CDS2_HUMAN",0.969008440439043
"sp|Q86WG3|ATCAY_HUMAN",0.969008440439043
"sp|Q8WW22|DNJA4_HUMAN",0.969008440439043
"sp|Q9H6Z4|RANB3_HUMAN",0.969008440439043
"sp|Q92769|HDAC2_HUMAN",0.969008440439043
"sp|Q99442|SEC62_HUMAN",0.969008440439043
"sp|P42345|MTOR_HUMAN",0.969008440439043
"sp|Q07812-5|BAX_HUMAN",0.969008440439043
"sp|Q13126-2|MTAP_HUMAN",0.969008440439043
"sp|P52564|MP2K6_HUMAN",0.969008440439043
"sp|P78324|SHPS1_HUMAN",0.97946056117681
"sp|Q9P1Y5|CAMP3_HUMAN",0.969008440439043
"sp|Q92520|FAM3C_HUMAN",0.969008440439043
"sp|P42766|RL35_HUMAN",0.969008440439043
"sp|Q9NRD5|PICK1_HUMAN",0.969008440439043
"sp|Q52LJ0|FA98B_HUMAN",0.969008440439043
"sp|P11169|GTR3_HUMAN",0.969008440439043
"sp|O43181|NDUS4_HUMAN",0.969008440439043
"sp|O75351|VPS4B_HUMAN",0.969008440439043
"sp|P23677|IP3KA_HUMAN",0.969008440439043
"sp|Q9Y2L5|TPPC8_HUMAN",0.980569515583522
"sp|Q9H8S9|MOB1A_HUMAN",0.969008440439043
"sp|P11117|PPAL_HUMAN",0.969008440439043
"sp|Q9UBR2|CATZ_HUMAN",0.969008440439043
"sp|Q9UPZ6|THS7A_HUMAN",0.969008440439043
"sp|Q765P7|MTSS2_HUMAN",0.97946056117681
"sp|Q8WWI5-3|CTL1_HUMAN",0.969008440439043
"sp|Q16850|CP51A_HUMAN",0.969008440439043
"sp|O00186|STXB3_HUMAN",0.969008440439043
"sp|Q8N9F7|GDPD1_HUMAN",0.977279702864724
"sp|P19174|PLCG1_HUMAN",0.969008440439043
"sp|Q8WU79|SMAP2_HUMAN",0.969008440439043
"sp|Q8TBX8|PI42C_HUMAN",0.969008440439043
"sp|O00519|FAAH1_HUMAN",0.970806762592268
"sp|O75363|BCAS1_HUMAN",0.969008440439043
"sp|P78347|GTF2I_HUMAN",0.969008440439043
"sp|Q8N4Q0|PTGR3_HUMAN",0.969008440439043
"sp|Q9UQ03|COR2B_HUMAN",0.969008440439043
"sp|O95881|TXD12_HUMAN",0.969008440439043
"sp|P36873|PP1G_HUMAN",0.969008440439043
"sp|Q9BUT1|BDH2_HUMAN",0.969008440439043
"sp|Q8TC26|TM163_HUMAN",0.969008440439043
"sp|Q9BW62|KATL1_HUMAN",0.969008440439043
"sp|Q9UBS4|DJB11_HUMAN",0.969008440439043
"sp|Q8TCZ2|C99L2_HUMAN",0.969008440439043
"sp|P11310|ACADM_HUMAN",0.969008440439043
"sp|Q96DA6|TIM14_HUMAN",0.969008440439043
"sp|Q9BZE9|ASPC1_HUMAN",0.969008440439043
"sp|O75380|NDUS6_HUMAN",0.969008440439043
"sp|Q16740|CLPP_HUMAN",0.969008440439043
"sp|P56556|NDUA6_HUMAN",0.995822979091221
"sp|P07741|APT_HUMAN",0.969008440439043
"sp|Q05682|CALD1_HUMAN",0.969008440439043
"sp|Q96CM8|ACSF2_HUMAN",0.969008440439043
"sp|Q5T0D9|TPRGL_HUMAN",0.969008440439043
"sp|Q01814-7|AT2B2_HUMAN",0.969008440439043
"sp|Q13435|SF3B2_HUMAN",0.969008440439043
"sp|P40616|ARL1_HUMAN",0.969008440439043
"sp|Q96G03|PGM2_HUMAN",0.969008440439043
"sp|Q9ULC3|RAB23_HUMAN",0.969008440439043
"sp|Q3SXM5|HSDL1_HUMAN",0.969008440439043
"RRRRRsp|O95613|PCNT_HUMAN",0.969008440439043
"sp|Q9H7Z7|PGES2_HUMAN",0.969008440439043
"sp|Q9UNN5|FAF1_HUMAN",0.969008440439043
"sp|Q9BRK0-2|REEP2_HUMAN",0.969008440439043
"sp|Q8N9R8|SCAI_HUMAN",0.969008440439043
"sp|Q9H8H3|MET7A_HUMAN",0.969008440439043
"sp|P43307|SSRA_HUMAN",0.969008440439043
"sp|Q15738|NSDHL_HUMAN",0.969008440439043
"sp|Q9Y6N5|SQOR_HUMAN",0.969008440439043
"sp|Q6MZT1|R7BP_HUMAN",0.969008440439043
"sp|Q13148|TADBP_HUMAN",0.969008440439043
"sp|P35527|K1C9_HUMAN",0.969008440439043
"sp|Q9UJQ1|LAMP5_HUMAN",0.969008440439043
"sp|Q8NHH9-4|ATLA2_HUMAN",0.969008440439043
"sp|O95394|AGM1_HUMAN",0.969008440439043
"sp|Q13151|ROA0_HUMAN",0.969008440439043
"sp|Q9P0M2|AKA7G_HUMAN",0.969008440439043
"sp|Q8NFV4|ABHDB_HUMAN",0.969008440439043
"sp|Q9H3N1|TMX1_HUMAN",0.969008440439043
"sp|P47813|IF1AX_HUMAN",0.969008440439043
"sp|Q9GZT4|SRR_HUMAN",0.969008440439043
"sp|Q99627|CSN8_HUMAN",0.969008440439043
"sp|Q2TB90|HKDC1_HUMAN",0.973134227853226
"sp|O00217|NDUS8_HUMAN",0.969008440439043
"sp|O15240|VGF_HUMAN",0.969008440439043
"sp|O14880|MGST3_HUMAN",0.969008440439043
"sp|Q6ZRQ5|MMS22_HUMAN",0.977279702864724
"sp|Q8WXD2|SCG3_HUMAN",0.969008440439043
"sp|Q53H96|P5CR3_HUMAN",0.969008440439043
"sp|O15118|NPC1_HUMAN",0.969008440439043
"sp|Q9UNF0|PACN2_HUMAN",0.969008440439043
"sp|Q9UN37|VPS4A_HUMAN",0.969008440439043
"sp|P62805|H4_HUMAN",0.969008440439043
"sp|Q9NZ72|STMN3_HUMAN",0.969008440439043
"sp|Q9NRV9|HEBP1_HUMAN",0.969008440439043
"sp|Q96TA1|NIBL1_HUMAN",0.969008440439043
"sp|Q05655|KPCD_HUMAN",0.969008440439043
"sp|Q5TCZ1|SPD2A_HUMAN",0.969008440439043
"sp|Q53HC9|EIPR1_HUMAN",0.969008440439043
"sp|Q96JN2|CC136_HUMAN",0.969008440439043
"sp|Q14257-2|RCN2_HUMAN",0.969008440439043
"sp|Q9P000|COMD9_HUMAN",0.969008440439043
"sp|Q9NQP4|PFD4_HUMAN",0.969008440439043
"sp|P82909|RT36_HUMAN",0.969008440439043
"sp|P01111|RASN_HUMAN",0.969008440439043
"sp|P05386|RLA1_HUMAN",0.969008440439043
"sp|Q95604|1C17_HUMAN",0.969008440439043
"sp|P80303|NUCB2_HUMAN",0.969008440439043
"sp|Q9UHQ9|NB5R1_HUMAN",0.969008440439043
"sp|Q9NPE6|SPAG4_HUMAN",0.969008440439043
"sp|Q9BS40|LXN_HUMAN",0.969008440439043
"sp|Q9Y2V2|CHSP1_HUMAN",0.969008440439043
"sp|P63167|DYL1_HUMAN",0.969008440439043
"sp|O00763|ACACB_HUMAN",0.969008440439043
"sp|P02647|APOA1_HUMAN",0.969008440439043
"sp|Q9NVS9|PNPO_HUMAN",0.969008440439043
"sp|Q9H9Q2-3|CSN7B_HUMAN",0.998196330898642
"sp|Q92530|PSMF1_HUMAN",0.969008440439043
"sp|Q16718|NDUA5_HUMAN",0.991176272939132
"sp|Q07889|SOS1_HUMAN",0.969008440439043
"sp|Q4LDG9|DNAL1_HUMAN",0.969008440439043
"sp|Q02410|APBA1_HUMAN",0.969008440439043
"sp|Q86UX6|ST32C_HUMAN",0.969008440439043
